node_id,lat,lon,street_count,highway
49429325,-23.8972192,29.4497806,3,none
49429330,-23.8980088,29.4490081,3,none
49429338,-23.9113729,29.4531233,4,traffic_signals
49429346,-23.9093696,29.4516394,4,traffic_signals
49429356,-23.9114624,29.4448205,3,none
49429373,-23.9149804,29.4440256,3,none
49429380,-23.9124923,29.4474149,3,none
249136820,-23.9091784,29.4525956,4,traffic_signals
249136833,-23.911574,29.4521805,3,none
302562956,-23.9027637,29.4849531,4,traffic_signals
302562961,-23.9013365,29.4846319,3,none
302562966,-23.9001974,29.484601,3,none
302562972,-23.9001558,29.4799943,3,none
302562984,-23.8997119,29.4794387,4,traffic_signals
302562988,-23.9022475,29.4848163,3,none
302563021,-23.9020722,29.4847646,4,none
302563030,-23.9023713,29.4838352,3,none
302563103,-23.9032958,29.4805884,3,none
302563115,-23.9009733,29.4812716,3,none
302563119,-23.9030739,29.48166,3,none
302563132,-23.9002306,29.4813032,3,none
302563178,-23.9028618,29.4827127,3,none
302563204,-23.9002109,29.4823828,4,none
302563223,-23.9001938,29.4834879,3,none
302563232,-23.8991835,29.4823869,3,none
302586683,-23.9001521,29.4875447,3,none
302586708,-23.9001325,29.4893016,3,none
302586710,-23.9010508,29.4875582,3,none
302586715,-23.9001509,29.4870606,3,none
302586717,-23.8963925,29.4856096,3,none
302586729,-23.8942859,29.4865337,3,none
302586732,-23.9001472,29.4881965,3,none
302586738,-23.8949718,29.4857133,3,none
302586741,-23.8975404,29.4867253,3,none
302586744,-23.8961784,29.4883656,4,none
302587963,-23.8948061,29.4900566,3,none
302816089,-23.9002615,29.4984771,4,traffic_signals
302816100,-23.9161383,29.4758114,4,traffic_signals
302816101,-23.9207767,29.452334,4,traffic_signals
302817673,-23.903518,29.4851227,3,none
302817829,-23.9039848,29.4916391,3,none
304522127,-23.9198337,29.457094,3,none
304522155,-23.8928358,29.4718808,4,traffic_signals
304522197,-23.888697,29.4792527,3,none
304522276,-23.8779184,29.4934825,3,stop
304522277,-23.879035,29.4920153,3,none
304522315,-23.8909538,29.4763127,3,none
304522317,-23.8948067,29.4666977,4,traffic_signals
304522327,-23.8759077,29.4783967,3,none
304522333,-23.8801775,29.4713063,3,none
304522338,-23.8802977,29.4711735,3,none
304522406,-23.8812981,29.4702552,4,stop
304522438,-23.8900546,29.461273,3,none
304522510,-23.8902118,29.4541874,3,none
304522511,-23.8901491,29.4540668,4,none
304522512,-23.8900396,29.4538506,3,traffic_signals
304572771,-23.8777163,29.4350748,3,none
304573022,-23.905876,29.4420645,4,traffic_signals
304573028,-23.906277,29.44198,3,none
304573034,-23.9152469,29.4438157,3,none
304573117,-23.9040493,29.4786711,4,traffic_signals
304573129,-23.9000259,29.4790714,3,none
304573140,-23.8960005,29.484007,3,traffic_signals
304573141,-23.8893128,29.4921113,4,traffic_signals
304573144,-23.8830235,29.4997374,4,traffic_signals
304573172,-23.9016955,29.4786962,3,traffic_signals
304573174,-23.9028519,29.4727363,4,traffic_signals
304573175,-23.9018064,29.4780455,3,none
304573181,-23.8999991,29.4797445,3,none
304573494,-23.9211006,29.4524066,3,none
304573495,-23.9097485,29.4497625,4,traffic_signals
304595237,-23.9285598,29.4667942,3,none
304595238,-23.9017056,29.4724573,4,none
304595240,-23.8837895,29.4575285,3,traffic_signals
304595241,-23.8955801,29.4627495,3,none
304595243,-23.8969449,29.462755,3,none
304595248,-23.8970843,29.4553408,3,stop
304595252,-23.8984533,29.4473447,3,none
304595286,-23.9198801,29.4624244,3,none
304595340,-23.8912001,29.4556583,3,none
304595360,-23.8917266,29.455782,3,none
304595362,-23.8913601,29.4624169,3,none
304622510,-23.8923408,29.4905679,3,none
304622514,-23.8929575,29.4876529,4,none
304622521,-23.8937362,29.4894499,4,none
304622524,-23.8935597,29.491379,3,none
304622545,-23.8979046,29.4821508,3,none
304622554,-23.8956534,29.4848813,3,none
304622555,-23.8915943,29.4898404,3,none
304735273,-23.9176867,29.4945534,3,stop
304735278,-23.912358,29.4935764,3,none
304735317,-23.9048915,29.4885788,3,none
304735325,-23.9175023,29.4689371,4,none
304735326,-23.9086831,29.4668743,4,traffic_signals
304735327,-23.9064529,29.4663566,4,traffic_signals
304735328,-23.8954129,29.4637399,4,stop
304735331,-23.8931752,29.4632132,4,stop
304735340,-23.9194855,29.4587888,3,none
304735341,-23.9106483,29.456694,4,traffic_signals
304735342,-23.9084563,29.4562132,4,traffic_signals
304735343,-23.8974105,29.4536081,4,traffic_signals
304735364,-23.8923124,29.4559197,3,none
304735381,-23.9205799,29.4532996,3,none
304735382,-23.9171745,29.4524785,1,none
304735383,-23.8995984,29.4541235,3,none
304735384,-23.8999387,29.4524145,3,none
304735385,-23.900355,29.4505389,4,traffic_signals
304735393,-23.8965524,29.4497363,3,none
304735430,-23.900881,29.4477421,4,traffic_signals
305158512,-23.8778475,29.4415118,4,traffic_signals
305158518,-23.8823956,29.4428149,4,traffic_signals
305158519,-23.88087,29.4424178,4,traffic_signals
305158520,-23.8768805,29.4582423,4,none
305158522,-23.8826678,29.435306,3,none
305158524,-23.8830909,29.44013,3,none
305158553,-23.8845379,29.4358586,4,none
305158643,-23.8784506,29.4391515,3,none
305158644,-23.8814749,29.4400372,4,none
305158645,-23.8829928,29.4404975,4,none
305158767,-23.8845832,29.440991,3,none
305159242,-23.8753699,29.4624952,4,traffic_signals
305233670,-23.875348,29.47913,4,none
305233689,-23.8844196,29.4849348,4,stop
305233694,-23.8880915,29.4910376,4,none
305233701,-23.889266,29.492178,4,traffic_signals
305233713,-23.8897628,29.4926781,3,none
305233716,-23.890178,29.4929561,3,none
305233733,-23.8923178,29.4976508,1,none
305233875,-23.898091,29.4892547,3,none
305233878,-23.8976208,29.4919409,3,none
305233885,-23.8954249,29.4892859,4,none
305233904,-23.8950818,29.4873067,3,none
305233913,-23.8980873,29.4903698,3,none
305233917,-23.9001007,29.490398,3,none
305234002,-23.9001937,29.480172,3,none
305234043,-23.8934849,29.4881777,4,none
305234280,-23.8903269,29.4919034,3,none
305234316,-23.8969678,29.4848947,3,none
305234376,-23.8991454,29.4861151,3,none
305234386,-23.8991246,29.4870512,3,none
305234394,-23.8991626,29.4841343,3,none
305234420,-23.8987261,29.481141,3,none
305234440,-23.8980468,29.4836046,3,none
305234443,-23.902207,29.4760582,4,stop
305234447,-23.8999749,29.4755422,3,none
305234460,-23.8862485,29.4657022,3,none
305234466,-23.8872362,29.466511,3,none
305234483,-23.8884723,29.4676434,3,none
305234486,-23.8888232,29.4684011,4,stop
305234521,-23.8989439,29.4753535,3,none
305234524,-23.8995991,29.4756179,3,none
305234526,-23.9043962,29.476651,3,none
305234559,-23.9132941,29.4789389,3,stop
305234564,-23.8945496,29.4828591,4,stop
305234567,-23.8957644,29.4811212,4,none
305234591,-23.8941921,29.4802949,3,none
305234642,-23.893531,29.4785362,3,none
305234649,-23.8929866,29.4793396,4,none
305234698,-23.8925009,29.4789808,3,none
305234700,-23.9042987,29.4995382,3,stop
305234709,-23.9081056,29.4901961,4,traffic_signals
305234723,-23.9139154,29.4753166,4,traffic_signals
305234724,-23.9152826,29.4684246,4,none
305234725,-23.9166196,29.4616315,4,traffic_signals
305234726,-23.9185731,29.4518211,4,traffic_signals
305234727,-23.9163615,29.4513027,3,none
305234728,-23.9167134,29.4493908,3,none
305234729,-23.9200646,29.4389436,4,traffic_signals
305234741,-23.9195447,29.4468125,4,traffic_signals
305234754,-23.9186135,29.4461194,3,none
305234759,-23.9161309,29.4443193,3,none
305234762,-23.9123121,29.4483644,4,traffic_signals
305352810,-23.8987727,29.4700474,3,traffic_signals
305352818,-23.901155,29.4580404,4,traffic_signals
305352822,-23.9036747,29.4453676,3,traffic_signals
305352825,-23.9042319,29.4424904,4,none
305352827,-23.9043591,29.4417393,4,traffic_signals
305352828,-23.9043665,29.4416145,4,traffic_signals
305352829,-23.9007271,29.4716929,3,none
305352830,-23.9013586,29.4686915,4,none
305352831,-23.9020256,29.465328,4,stop
305352833,-23.9053029,29.4487104,4,traffic_signals
305352836,-23.9064247,29.4430013,3,traffic_signals
305352855,-23.9057136,29.4419385,3,traffic_signals
305352856,-23.9055209,29.4477644,4,traffic_signals
305352857,-23.9099275,29.4487875,4,traffic_signals
305352858,-23.9187536,29.4508633,4,none
305352859,-23.9010876,29.4467277,3,traffic_signals
305352860,-23.9033142,29.4472414,4,traffic_signals
305352863,-23.9178264,29.4672714,3,none
305352865,-23.9155952,29.4667134,4,none
305352866,-23.9001632,29.4630991,4,none
305352873,-23.8979283,29.4625895,4,none
305352878,-23.8978897,29.462779,3,none
305352923,-23.8927774,29.4650216,3,none
305352940,-23.8961264,29.4746566,3,none
305352967,-23.8916578,29.4783226,3,none
305352969,-23.9018343,29.4779304,4,none
305352988,-23.9005585,29.4783689,3,traffic_signals
305352998,-23.899631,29.4789161,3,none
305353005,-23.8956542,29.4837417,4,none
305353021,-23.8886974,29.4902975,3,none
305353026,-23.8927155,29.4870043,3,none
305353038,-23.8919833,29.4862978,3,none
305353048,-23.9167574,29.4789456,3,none
305353059,-23.9132224,29.4795873,3,none
305353072,-23.91739,29.4822273,3,stop
305353078,-23.9156492,29.482643,3,none
305353090,-23.9126777,29.4818045,3,none
305353093,-23.9141694,29.4795182,3,none
305353118,-23.9145139,29.482535,4,stop
305353122,-23.910934,29.4850302,3,none
305353145,-23.9134191,29.4892667,3,none
305353153,-23.9130538,29.4938157,4,stop
305353187,-23.9158821,29.4843744,3,none
305353198,-23.9167967,29.4945359,4,none
305353210,-23.9164865,29.4972637,1,turning_circle
305353215,-23.9121809,29.4986089,4,none
305353266,-23.9159998,29.4954794,3,none
305353272,-23.916774,29.4954888,3,none
305353284,-23.9016099,29.4910705,4,traffic_signals
305353305,-23.9062059,29.4923419,3,none
305353388,-23.901041,29.4978417,3,none
305353399,-23.9009161,29.4986332,3,none
305353407,-23.9032431,29.4914648,3,none
305353418,-23.9030567,29.4923821,3,none
305353428,-23.9025675,29.4930527,3,none
305353450,-23.9021647,29.4950073,3,none
306399776,-23.8822165,29.4694231,3,none
306399809,-23.8836451,29.4630883,3,none
306399816,-23.8861835,29.4594914,3,stop
306399830,-23.8847955,29.4614282,3,none
306399831,-23.8878242,29.4639587,4,none
306399873,-23.8814809,29.4622366,3,none
306399909,-23.8788647,29.4707562,3,none
306399917,-23.8826632,29.4622706,3,none
306399929,-23.8804325,29.4697119,3,none
306399933,-23.879161,29.4660194,3,none
306399971,-23.8823884,29.4671924,3,none
306399978,-23.8799572,29.4633795,3,none
306399983,-23.8831913,29.4645492,4,none
306399991,-23.8793151,29.4693923,3,none
306400131,-23.8942102,29.4682483,3,none
306400139,-23.8878763,29.4670607,3,none
306400141,-23.8925806,29.46486,3,none
306400167,-23.8902358,29.465975,4,none
306400169,-23.8912478,29.4654983,3,none
306400171,-23.8885992,29.4630421,4,none
306400173,-23.888784,29.4645714,3,none
306400177,-23.8878212,29.4688586,3,none
306400256,-23.8841675,29.4706301,3,none
306400275,-23.8831761,29.4740326,4,stop
306400291,-23.8899128,29.467903,3,none
306400297,-23.8918036,29.4670456,3,none
306400318,-23.894411,29.4677189,3,none
306400353,-23.8924231,29.466771,3,none
306400355,-23.8940042,29.4687787,3,none
306400359,-23.8934969,29.4685235,3,none
306400486,-23.8932843,29.467079,3,none
306400487,-23.8908775,29.4674644,4,none
306400537,-23.8919001,29.4696718,3,none
306400551,-23.8932905,29.4706799,3,none
306400560,-23.8912837,29.4705666,3,none
314397575,-23.8936358,29.4927496,3,none
314397580,-23.8909185,29.4906615,3,none
314397585,-23.8925071,29.485635,3,stop
314397605,-23.8911559,29.4825274,3,none
314397607,-23.8905352,29.4795716,3,none
314397608,-23.891417,29.4793436,3,none
314397609,-23.8895575,29.4798186,3,none
314397610,-23.8890024,29.478856,4,stop
314397616,-23.8897126,29.4805951,3,none
314397617,-23.8899579,29.4816899,3,none
314397618,-23.8902257,29.4827879,3,none
314397630,-23.8862225,29.4877787,4,none
314397631,-23.8861345,29.487832,3,none
314397635,-23.8899156,29.4860788,3,none
314397644,-23.8894375,29.4840173,3,none
314397645,-23.8890021,29.4819444,3,none
314397652,-23.8871408,29.484765,3,none
314397695,-23.8850951,29.4859543,4,none
314397780,-23.8850179,29.4860133,3,none
314397825,-23.8867206,29.4825132,4,none
314397837,-23.888541,29.4842457,3,none
314397916,-23.8877941,29.4804536,3,none
314397926,-23.8793968,29.473124,3,none
314397930,-23.8951307,29.4738102,3,none
314397982,-23.8958805,29.4723849,3,none
314398008,-23.896544,29.4709706,3,none
314398033,-23.8971634,29.4686949,3,none
314398054,-23.898113,29.4694988,3,none
314398062,-23.8943039,29.4727667,3,none
314398063,-23.8915703,29.4844059,3,none
314398127,-23.8937277,29.4822318,3,none
314398145,-23.8926991,29.4837305,3,none
314398362,-23.893167,29.483056,3,none
314398374,-23.8894044,29.4783334,3,none
314398415,-23.8897692,29.4778667,3,none
314398423,-23.8910353,29.4760956,3,none
314398426,-23.8917036,29.4763579,1,none
314398428,-23.8842546,29.4742944,3,stop
314398464,-23.8839662,29.4734847,1,turning_circle
314398468,-23.8834863,29.4726727,3,none
314398489,-23.884788,29.4734403,1,turning_circle
314398490,-23.8798111,29.4721482,3,none
314398492,-23.8811718,29.4728456,1,turning_circle
314398493,-23.880026,29.4716228,3,none
314398500,-23.8812899,29.472096,1,turning_circle
314407270,-23.920195,29.4551986,4,stop
314407489,-23.9284992,29.4535258,3,none
314407491,-23.9286805,29.452507,3,none
314407507,-23.9280823,29.4517641,4,none
314407512,-23.9279281,29.4510141,4,traffic_signals
314407513,-23.9251427,29.4524454,3,none
314407688,-23.9332644,29.4517708,3,none
314407761,-23.9322206,29.4551718,3,none
314407839,-23.9368799,29.4558947,3,none
314407882,-23.9359519,29.4563238,3,none
314407889,-23.9334636,29.4546246,3,none
314407894,-23.9330885,29.4555648,3,none
314407901,-23.9295404,29.4535342,3,none
314407902,-23.9337866,29.4536886,3,none
314407903,-23.9307644,29.4524051,3,none
314407913,-23.9297715,29.4509232,3,none
314407914,-23.9321692,29.4529791,3,none
314407936,-23.9341727,29.4515508,4,none
314407941,-23.9337443,29.4511853,1,turning_circle
314407955,-23.935188,29.4512773,3,none
314407958,-23.935727,29.4503445,3,none
314407960,-23.9356895,29.4492482,4,none
314407966,-23.9366143,29.4513214,2,none
314407969,-23.9357301,29.4500387,3,none
314407981,-23.9345967,29.4498835,1,turning_circle
314407982,-23.933026,29.4533533,3,none
314407994,-23.9367355,29.4542716,3,none
332092331,-23.8759585,29.4424363,3,stop
332092387,-23.8754252,29.4420585,3,none
332092699,-23.9171553,29.4706394,4,none
332092702,-23.8972744,29.4659677,3,none
332092738,-23.9168053,29.4723553,3,none
332092784,-23.8969651,29.4676469,3,none
332092790,-23.8966097,29.4682201,3,none
332092839,-23.8969466,29.4623489,3,none
332092843,-23.9181689,29.4655529,4,none
332093144,-23.8969274,29.4605698,3,none
332093156,-23.9191499,29.4604813,4,none
332093169,-23.9200065,29.4561529,3,none
332093185,-23.9001362,29.4514677,3,none
332093310,-23.9232498,29.4631853,4,none
332093348,-23.9123856,29.4712959,3,none
332093405,-23.9139716,29.4517421,3,none
332093410,-23.9143408,29.4498272,3,none
332093445,-23.9101941,29.470785,3,none
370918163,-23.908097,29.4463634,3,traffic_signals
370918368,-23.9008068,29.4597155,3,none
445022867,-23.9136002,29.453591,4,traffic_signals
445023121,-23.9108458,29.4673745,4,none
445023122,-23.912198,29.4605912,4,traffic_signals
445023123,-23.9128466,29.4572452,4,traffic_signals
445023124,-23.9141504,29.4507623,4,traffic_signals
445023151,-23.9144226,29.461127,4,none
445023152,-23.9147542,29.4594406,4,none
445023153,-23.9157883,29.4541553,4,traffic_signals
445023154,-23.9150889,29.4577374,4,none
445023302,-23.912534,29.4589256,4,none
445023519,-23.9115377,29.4639965,4,none
445023525,-23.9118486,29.4623078,4,none
445023537,-23.9112065,29.4656908,4,stop
445023599,-23.9137476,29.4645157,4,none
445023600,-23.9140861,29.4628349,4,none
445023601,-23.9134154,29.4662091,4,none
445023602,-23.9130685,29.4679016,4,none
445023629,-23.9159432,29.4650308,4,traffic_signals
445023674,-23.9175914,29.456556,4,traffic_signals
445023676,-23.9177958,29.4556189,4,none
445023680,-23.9169298,29.4599722,4,none
445023686,-23.9183735,29.4527494,4,none
445023687,-23.9179866,29.454652,4,traffic_signals
445023688,-23.9172864,29.4582757,4,traffic_signals
445023936,-23.9188364,29.4621928,4,traffic_signals
460201917,-23.9154297,29.4560529,4,none
460201918,-23.9131874,29.4555487,4,none
460201919,-23.9110027,29.4550243,4,traffic_signals
460201920,-23.9111829,29.4540862,4,traffic_signals
460201921,-23.9133689,29.4545951,4,traffic_signals
460201922,-23.9156161,29.4550874,4,none
460201923,-23.9096749,29.4618036,4,none
460201924,-23.9100108,29.4600977,4,traffic_signals
460201925,-23.9093427,29.4634907,4,traffic_signals
460201926,-23.9090079,29.4651868,4,none
460201927,-23.9083349,29.4685654,4,none
460201928,-23.9079806,29.4702633,4,none
460201929,-23.9105258,29.4690764,4,none
460201930,-23.9127461,29.4695994,4,none
460201931,-23.9061145,29.4680263,4,none
460201932,-23.9038788,29.4675187,4,none
460201933,-23.9042227,29.4658289,4,traffic_signals
460201934,-23.9045505,29.4641313,4,none
460201935,-23.9048955,29.4624275,4,traffic_signals
460201936,-23.90523,29.460756,4,none
460201937,-23.9055566,29.4590677,4,traffic_signals
460201938,-23.9059049,29.457382,4,none
460201939,-23.9062175,29.4556909,4,traffic_signals
460201940,-23.9065878,29.4540072,3,none
460201942,-23.906968,29.452057,4,traffic_signals
460201943,-23.9071567,29.4511028,4,traffic_signals
460201944,-23.9075266,29.4492356,4,traffic_signals
460201945,-23.9077299,29.4482895,4,none
460201946,-23.9049333,29.4506104,4,traffic_signals
460201947,-23.9047539,29.4515603,4,traffic_signals
460201948,-23.9045783,29.4525124,3,traffic_signals
460201949,-23.9043952,29.4534678,4,traffic_signals
460201950,-23.9040461,29.4551611,4,traffic_signals
460201951,-23.9037237,29.4568549,4,traffic_signals
460201952,-23.9033718,29.4585527,4,traffic_signals
460201953,-23.903039,29.4602284,4,none
460201954,-23.9026974,29.4619163,4,none
460201955,-23.9023558,29.463604,4,traffic_signals
460201956,-23.9017068,29.4670138,4,none
460201957,-23.89949,29.4664988,4,none
460201958,-23.8998223,29.4648103,4,stop
460201959,-23.8975944,29.4642779,4,stop
460201960,-23.9004942,29.4613999,4,none
460201962,-23.9018453,29.4546434,4,traffic_signals
460201963,-23.9022014,29.45298,4,traffic_signals
460201964,-23.9023603,29.4519974,4,traffic_signals
460201965,-23.9025421,29.4510544,4,traffic_signals
460201966,-23.9027414,29.4500991,4,traffic_signals
460201967,-23.9031223,29.4481961,4,traffic_signals
460201968,-23.9059055,29.4458625,4,traffic_signals
460201970,-23.9087959,29.4545147,3,traffic_signals
460201971,-23.9089636,29.4535369,3,traffic_signals
460201972,-23.9081191,29.457908,4,traffic_signals
460201973,-23.9077844,29.4595834,4,traffic_signals
460201974,-23.9074423,29.4612624,4,none
460201975,-23.9071137,29.4629636,4,traffic_signals
460201977,-23.90577,29.4697376,4,none
460201978,-23.905065,29.4732486,4,traffic_signals
460201979,-23.9146169,29.4718082,4,none
460201980,-23.9165349,29.4503439,4,none
460201981,-23.9103284,29.4583905,4,traffic_signals
460201982,-23.9119338,29.450254,4,traffic_signals
460201983,-23.9102963,29.4468946,4,traffic_signals
460201984,-23.9035606,29.4692145,4,none
460202346,-23.9072817,29.4737622,4,traffic_signals
460202347,-23.881039,29.4637598,4,none
460202349,-23.8802323,29.4664013,4,none
460202350,-23.882116,29.4641616,4,none
460202352,-23.8813229,29.4667973,4,none
460202355,-23.9121329,29.4492955,4,none
460202356,-23.8991405,29.4681926,4,none
460202357,-23.8969685,29.4570414,4,traffic_signals
460202359,-23.8858696,29.4362757,3,none
460202368,-23.8893545,29.4621322,4,traffic_signals
460202369,-23.8968636,29.4875595,4,none
460202373,-23.8762821,29.4410555,4,traffic_signals
460202374,-23.8900694,29.4554219,4,traffic_signals
495942099,-23.9034884,29.4463108,3,none
495942102,-23.905705,29.4468201,4,traffic_signals
495942104,-23.9079187,29.4473223,4,none
495942105,-23.910116,29.447845,4,traffic_signals
495942110,-23.9016663,29.4438716,3,none
495942112,-23.9038684,29.4443733,4,none
495942114,-23.9060809,29.4449471,3,none
495942118,-23.9018416,29.4429481,3,none
495942121,-23.9040648,29.4434089,4,none
495942122,-23.9062831,29.4439651,3,none
495942126,-23.9007019,29.448622,3,none
495942127,-23.9029177,29.4491681,3,none
495943660,-23.9159557,29.4532004,4,none
495943663,-23.9181789,29.4537415,4,none
495943665,-23.9137868,29.4526854,3,none
495943666,-23.9192267,29.4539819,1,none
495944785,-23.9209464,29.4514047,3,none
498723580,-23.9347688,29.4727948,3,none
498723588,-23.9332545,29.4738726,1,none
499946602,-23.9076752,29.4717452,3,traffic_signals
499946614,-23.9054684,29.4712342,3,none
499946616,-23.9065706,29.4715078,3,none
499946623,-23.9061537,29.4735168,3,none
499950566,-23.9108715,29.4790556,4,none
499950573,-23.9160378,29.4703773,3,none
499950574,-23.9157154,29.4720778,4,none
499950576,-23.915008,29.475558,4,none
499950578,-23.9134633,29.4776353,4,none
665775686,-23.9236594,29.4344571,4,traffic_signals
665775689,-23.9239021,29.4346958,3,none
665775690,-23.9155562,29.4440552,3,none
665775693,-23.9156824,29.4437992,3,none
665775695,-23.915349,29.4436304,3,none
665775696,-23.9154952,29.4435953,3,none
665787887,-23.9144848,29.4426506,4,traffic_signals
670859608,-23.9307897,29.4696635,3,none
670859613,-23.927039,29.4733042,3,motorway_junction
814781404,-23.9171442,29.4424029,3,traffic_signals
814781409,-23.9160439,29.4411385,4,mini_roundabout
814781412,-23.9214068,29.4639534,3,none
814781423,-23.914393,29.4427215,5,traffic_signals
814781432,-23.9216342,29.4628127,3,none
814781434,-23.9169793,29.4422181,4,traffic_signals
814781446,-23.9151588,29.4398691,3,none
814781462,-23.9214711,29.4665648,3,stop
823749052,-23.9234868,29.4342989,4,traffic_signals
823749082,-23.9199654,29.4387155,3,traffic_signals
912505638,-23.900096,29.4984284,4,traffic_signals
1106843050,-23.8982887,29.4775981,4,none
1106843053,-23.90468,29.4694747,3,none
1106843058,-23.890004,29.4694869,3,none
1106843065,-23.9124493,29.4446909,3,none
1106843073,-23.8882926,29.4704403,3,none
1106843080,-23.8861791,29.472363,1,none
1106843098,-23.8839039,29.4678479,3,none
1106843101,-23.8821374,29.4703317,3,none
1106843116,-23.8958067,29.4675428,3,none
1106843120,-23.884374,29.4716265,1,turning_circle
1106843130,-23.8860965,29.4671627,1,turning_circle
1106843134,-23.8890954,29.4664895,3,none
1106843137,-23.914905,29.4434278,3,none
1106843144,-23.8859922,29.4704162,3,none
1106843157,-23.8965068,29.4639991,3,none
1106843188,-23.8841202,29.4623916,3,none
1106843193,-23.8833402,29.4733251,3,none
1106843225,-23.8819063,29.4729616,1,turning_circle
1106843234,-23.89208,29.4629491,3,none
1106843236,-23.8942697,29.4634758,3,none
1106843245,-23.8862902,29.4669072,3,none
1106843259,-23.889321,29.4703792,1,none
1106843265,-23.8846666,29.4671465,3,none
1106843270,-23.9039505,29.4729897,4,stop
1106843272,-23.8830056,29.4704535,1,turning_circle
1106843286,-23.8817121,29.4707525,3,none
1106843296,-23.9150294,29.4434097,3,none
1106843299,-23.8856623,29.4662379,3,none
1106843304,-23.8837121,29.4705213,3,none
1106843339,-23.8815245,29.4714567,3,none
1106843372,-23.8866051,29.4683754,3,none
1106843375,-23.9010403,29.4757977,4,stop
1106843407,-23.8858549,29.47016,3,none
1106843448,-23.8848665,29.4630506,3,none
1106843451,-23.8883244,29.465141,3,none
1106843482,-23.8869338,29.4692617,3,none
1106843515,-23.8879695,29.4711591,3,none
1106843516,-23.9143153,29.4448856,3,none
1106843521,-23.8977514,29.4799111,3,none
1106843544,-23.893824,29.4658712,3,none
1106843553,-23.914425,29.444439,3,none
1106843576,-23.8820945,29.4712394,3,none
1106843586,-23.8859474,29.472173,3,none
1106843593,-23.8820883,29.472225,1,turning_circle
1106843603,-23.8869818,29.4678891,3,none
1106843615,-23.9033056,29.4763157,3,none
1106843620,-23.8870458,29.4648614,3,none
1106843636,-23.8882767,29.4701453,3,none
1106843669,-23.8918045,29.4642082,3,none
1106843671,-23.8857543,29.4698006,3,none
1106843693,-23.8835973,29.4721086,4,none
1106843696,-23.8925249,29.4701801,3,none
1106843765,-23.9023983,29.4689463,3,none
1106843794,-23.8989713,29.4781691,3,none
1106843804,-23.8905487,29.4667235,4,none
1106843826,-23.8852104,29.4729403,1,turning_circle
1106843830,-23.8874139,29.4679889,1,turning_circle
1106843832,-23.8983632,29.4804342,3,none
1106843853,-23.8842721,29.4649223,3,none
1106843856,-23.8840227,29.4708487,3,none
1106843866,-23.8925395,29.4689169,3,none
1106843874,-23.8873165,29.4713911,3,none
1106843890,-23.8969997,29.4793318,3,none
1106843920,-23.8830615,29.471949,3,none
1106843922,-23.8831252,29.4711745,1,turning_circle
1156191853,-23.8772931,29.434478,1,none
1156191854,-23.874082,29.4354866,3,none
1156191859,-23.8774317,29.4362323,3,none
1156191861,-23.8766684,29.4392338,3,none
1156191864,-23.8743528,29.4392978,3,none
1156191866,-23.8751153,29.438087,4,none
1158871011,-23.9090644,29.4408461,4,traffic_signals
1158871027,-23.9090239,29.4407389,4,traffic_signals
1158871032,-23.9088251,29.4403004,3,none
1163128079,-23.9109132,29.4957469,4,none
1163128082,-23.9105356,29.4975521,3,none
1163128101,-23.9097522,29.4985914,3,none
1163128120,-23.9067557,29.4957429,3,none
1163128124,-23.9071446,29.4948248,4,none
1163128140,-23.9063107,29.4944058,3,none
1163128181,-23.9116929,29.4856042,4,none
1163128184,-23.9125989,29.4961546,4,stop
1163128207,-23.9157509,29.4934684,3,none
1163128214,-23.9167988,29.4935736,3,none
1165370391,-23.8987972,29.4409226,3,none
1165370406,-23.8979708,29.4443438,3,stop
1165370428,-23.8992552,29.4395305,3,traffic_signals
1165370429,-23.9128129,29.4750556,3,none
1165370431,-23.8766369,29.4462495,4,none
1165370443,-23.8817497,29.4452249,3,none
1165370445,-23.9066546,29.4771084,3,none
1165370446,-23.9152495,29.433435,3,stop
1165370454,-23.9072817,29.4897844,4,stop
1165370462,-23.9042165,29.4905236,3,none
1165370463,-23.8794163,29.4547179,3,none
1165370476,-23.8760512,29.4486195,3,none
1165370487,-23.9117224,29.4747801,3,none
1165370490,-23.8812012,29.4476186,3,none
1165370497,-23.8752574,29.4581963,3,none
1165370505,-23.9110885,29.4779746,4,none
1165370507,-23.9050442,29.4907446,3,none
1165370530,-23.9089307,29.4906125,4,none
1165370531,-23.906928,29.4906387,3,none
1165370540,-23.8835924,29.4572928,1,none
1165370545,-23.9122741,29.4778432,3,none
1165370560,-23.9107038,29.4870909,3,none
1165370562,-23.8772348,29.443878,3,none
1165370578,-23.8811436,29.4348501,3,none
1166175589,-23.8793646,29.4419722,4,traffic_signals
1166175590,-23.8751241,29.4457773,3,none
1166393988,-23.8805905,29.4500027,3,none
1166393990,-23.8748442,29.4533539,4,none
1166393992,-23.8781448,29.4467033,4,none
1166393997,-23.8787461,29.4443326,4,stop
1166394001,-23.8778816,29.4542716,4,stop
1166394003,-23.8790974,29.4495418,4,stop
1166394006,-23.8796801,29.4471789,4,stop
1166394007,-23.8799539,29.4395947,4,none
1166394008,-23.876379,29.4538314,4,none
1166394009,-23.8775591,29.4490665,4,none
1166394011,-23.8802608,29.444791,4,none
1166394013,-23.8925372,29.4524055,3,traffic_signals
1171805174,-23.9050086,29.4999044,3,none
1213031223,-23.8882317,29.479863,3,none
1213223086,-23.9132548,29.4928917,4,none
1213231451,-23.8770578,29.4377144,3,none
1213231456,-23.8757599,29.4349677,3,none
1213231458,-23.8758623,29.4368676,3,none
1213297600,-23.8829028,29.4868993,3,none
1213297683,-23.8920699,29.4809043,3,none
1213297787,-23.890965,29.4816247,3,none
1213297820,-23.8865435,29.4885262,4,none
1213325717,-23.9093727,29.4895537,3,none
1213325789,-23.9140861,29.4930741,3,none
1213325801,-23.9113129,29.4912945,3,none
1213325811,-23.9121895,29.4848357,3,none
1215745441,-23.8973111,29.4773819,3,none
1215745444,-23.8978298,29.4766456,3,none
1215745455,-23.8932345,29.4805189,1,none
1215745459,-23.8936558,29.4798975,3,none
1215745466,-23.8949174,29.4812746,3,none
1215745470,-23.8938361,29.4809825,1,turning_circle
1215745476,-23.8983387,29.4752944,3,none
1215745485,-23.8954278,29.47868,3,none
1215745497,-23.8952785,29.4807444,3,none
1215751781,-23.8841271,29.4913453,3,none
1215751786,-23.8816782,29.4913562,3,none
1215751789,-23.8828582,29.4921179,3,none
1215751790,-23.8804197,29.4883078,3,none
1215751797,-23.8825087,29.4865557,3,none
1215751799,-23.8818131,29.4921514,3,none
1215751803,-23.8856985,29.4902562,3,none
1215751804,-23.8876495,29.4871468,3,none
1215751806,-23.8814881,29.485983,3,none
1215751810,-23.8906218,29.4879742,3,none
1215751811,-23.8862652,29.4933489,4,stop
1215751820,-23.8832393,29.4881861,3,none
1215751822,-23.8834484,29.4943288,3,none
1215751828,-23.8820449,29.4862518,4,none
1215751830,-23.8951716,29.4819802,3,none
1215751835,-23.8964007,29.4802207,3,none
1215751836,-23.8811404,29.4892627,3,none
1215751839,-23.888891,29.488399,3,none
1215751840,-23.885663,29.4870863,4,none
1215751842,-23.8812749,29.4907845,3,none
1215751843,-23.8881982,29.4892523,3,none
1215751845,-23.8969862,29.4820771,3,none
1215751846,-23.8857188,29.4888,3,none
1215751854,-23.8849477,29.4913668,3,none
1215751856,-23.8828744,29.4931054,3,none
1215751857,-23.8807856,29.4887909,3,none
1215751859,-23.8865255,29.4936192,3,none
1215751862,-23.8841226,29.4902447,3,none
1215751864,-23.887491,29.490085,3,none
1215751868,-23.88364,29.489088,3,none
1215751870,-23.882195,29.489549,3,none
1215751875,-23.8836498,29.4902502,3,none
1215751876,-23.8962823,29.4829235,3,none
1215751879,-23.8814021,29.4888966,3,none
1215751881,-23.8976692,29.4812711,3,none
1215752544,-23.8875589,29.4900114,4,none
1215752545,-23.8868744,29.4888556,3,none
1215752547,-23.8857487,29.4870239,3,none
1215752551,-23.8881586,29.4909644,4,none
1215758919,-23.8805569,29.4372198,4,none
1215758924,-23.883599,29.4381331,4,none
1215758932,-23.8820688,29.4376858,4,none
1215758934,-23.8982859,29.460901,3,none
1215758938,-23.8769594,29.4514301,4,none
1215758939,-23.8788062,29.4570816,3,none
1215758940,-23.8790392,29.4367652,3,none
1215758953,-23.8757696,29.4561857,4,none
1215758954,-23.8928296,29.4526177,3,none
1215758956,-23.8754534,29.4509787,3,none
1215758958,-23.8799855,29.4523656,3,none
1215758960,-23.8742389,29.4556952,4,none
1215758961,-23.8784794,29.4518988,4,stop
1215758962,-23.8772846,29.4566513,4,stop
1215758963,-23.8838953,29.4382256,3,none
1215770831,-23.9080669,29.4348679,3,none
1215770834,-23.9195759,29.4481538,3,none
1215770835,-23.9087838,29.4337933,3,none
1215770844,-23.9223197,29.4333226,3,none
1215770869,-23.9084425,29.4343152,3,none
1215770875,-23.9070169,29.4354482,3,none
1215770893,-23.9059588,29.4345121,3,none
1215770919,-23.9073835,29.4358445,3,none
1225091199,-23.9055922,29.4961131,3,none
1225091205,-23.905134,29.4948689,3,none
1225091216,-23.9060956,29.4902188,3,none
1225091219,-23.9131813,29.4831781,3,none
1225091225,-23.9040278,29.4974636,3,none
1225091238,-23.9058313,29.4931901,3,none
1225091240,-23.9054626,29.4940401,3,none
1225091242,-23.903438,29.4992338,3,none
1225091247,-23.9047698,29.4957161,4,none
1225091251,-23.9135447,29.48212,4,stop
1225091256,-23.9023507,29.4941115,3,none
1225091267,-23.9085752,29.4914635,3,none
1225091270,-23.907869,29.4931459,3,none
1225091278,-23.9036734,29.4983165,3,none
1293229424,-23.9368667,29.4746799,3,none
1304069161,-23.9161714,29.4459877,3,none
1304069171,-23.9192593,29.4483151,4,none
1304069182,-23.9175819,29.4475711,4,none
1304069184,-23.9182739,29.4479915,3,none
1304076522,-23.917309,29.443387,3,none
1304076525,-23.9157846,29.4458733,3,none
1304076533,-23.9166647,29.4439532,3,none
1304076538,-23.9180332,29.4426247,3,none
1304076553,-23.9200969,29.4440514,4,none
1304076555,-23.9162615,29.4444164,3,none
1304076558,-23.9189126,29.4455935,3,none
1304085723,-23.9191456,29.4436517,3,none
1304096122,-23.9207311,29.4408122,3,none
1304096126,-23.9193686,29.4409613,3,none
1318495007,-23.8907871,29.4701528,3,none
1318504914,-23.9084112,29.4740155,3,none
1318504915,-23.9095118,29.47427,3,none
1318504929,-23.8948791,29.4765269,4,none
1318504951,-23.9106075,29.4745329,3,none
1318504954,-23.8941562,29.4729781,3,mini_roundabout
1318504957,-23.9099557,29.4778875,3,none
1318504958,-23.9077537,29.4773483,3,none
1318504989,-23.9088461,29.4776219,3,none
1318507187,-23.9064333,29.4836502,3,none
1318507193,-23.9081918,29.4784235,3,none
1318507194,-23.9106888,29.480001,3,none
1318507197,-23.9076127,29.4819979,3,none
1318507199,-23.9052918,29.4840606,4,none
1318507202,-23.9103167,29.4819417,4,none
1318507203,-23.9044949,29.4835871,3,none
1318507205,-23.9089589,29.4800077,3,none
1318507208,-23.907842,29.4800936,3,none
1318507209,-23.9090355,29.4786298,3,none
1318507211,-23.9067263,29.4819443,4,none
1318507212,-23.905819,29.4818826,3,none
1318507215,-23.9104773,29.4810632,4,none
1318507217,-23.9092814,29.4842617,4,stop
1318507219,-23.9099741,29.4848075,3,none
1318507220,-23.9066711,29.4828536,3,none
1318507221,-23.9076912,29.4810913,3,none
1318507224,-23.9100636,29.4829595,3,none
1318507225,-23.9086831,29.4851549,3,none
1318507226,-23.9061537,29.4845286,4,none
1318509939,-23.9123746,29.4789469,3,none
1318509948,-23.9019839,29.4772317,3,none
1318509950,-23.9115703,29.4823158,3,none
1318509956,-23.9043722,29.4787348,1,none
1318509957,-23.908023,29.4880284,3,none
1318509964,-23.9052906,29.4782449,3,none
1318509966,-23.9061415,29.4865926,3,none
1318509977,-23.9085508,29.4869924,3,none
1318509984,-23.9076471,29.4889281,3,none
1318509992,-23.9036501,29.4842952,3,none
1318510000,-23.9057026,29.4889998,3,none
1318510003,-23.9123758,29.4826792,3,none
1318510006,-23.9094185,29.4856603,3,none
1318510013,-23.9060495,29.4881281,3,none
1318510014,-23.9061035,29.4874763,3,none
1318510015,-23.9101559,29.4862393,3,none
1318513917,-23.9125389,29.4892131,3,none
1318513918,-23.9102027,29.4878753,3,none
1318513928,-23.9142908,29.4883186,4,none
1318513929,-23.915974,29.4880396,4,none
1318513935,-23.9111829,29.4863639,3,none
1318513937,-23.9104731,29.4903611,3,none
1318513943,-23.9151048,29.4881777,4,none
1318513944,-23.9164828,29.4824512,3,stop
1318513949,-23.9149197,29.4932793,3,none
1318513951,-23.9168101,29.4879203,4,none
1318513958,-23.9177339,29.4879095,3,stop
1318513959,-23.9121429,29.4922198,3,none
1318513962,-23.9163933,29.4863994,3,none
1318513965,-23.9134191,29.4885036,3,none
1318513967,-23.9126799,29.4840766,3,none
1318517561,-23.9025638,29.4960996,3,none
1318517562,-23.9008792,29.4967461,3,none
1318517564,-23.902768,29.4951515,3,none
1318517565,-23.9023799,29.4970679,3,none
1318517567,-23.9010753,29.4957657,3,none
1318523779,-23.9094083,29.5000009,3,none
1318523799,-23.9070034,29.4988328,3,none
1318523803,-23.9057234,29.4981904,3,none
1318523818,-23.9063745,29.4985157,3,none
1318523834,-23.9073822,29.4960755,3,none
1318523836,-23.9100317,29.5003188,4,none
1318523838,-23.908219,29.499439,3,none
1318523860,-23.908817,29.4997115,3,none
1318523863,-23.9078825,29.4984519,3,none
1318523867,-23.9078849,29.4965536,3,none
1318523869,-23.9076023,29.4991359,3,none
1318529822,-23.91152,29.497985,1,turning_circle
1318529823,-23.910434,29.4986878,4,none
1318529824,-23.9117358,29.4959481,3,none
1318529839,-23.9111584,29.4979531,3,none
1318529842,-23.9082117,29.4923224,3,none
1318529856,-23.9110799,29.4948336,3,none
1318529867,-23.9113172,29.5005796,1,turning_circle
1318529870,-23.9074987,29.4939727,3,none
1318529871,-23.9110566,29.5002577,3,none
1318529873,-23.9107158,29.4966146,3,none
1318529874,-23.9111106,29.4986491,4,none
1318529875,-23.9097184,29.497143,3,none
1318529878,-23.9103174,29.4996469,3,none
1318533491,-23.9133407,29.5016632,3,none
1318533498,-23.9147444,29.5019601,1,turning_circle
1318533500,-23.9127546,29.5001981,3,none
1318533502,-23.9139812,29.5017618,3,none
1318533503,-23.9149602,29.5012775,1,turning_circle
1318533514,-23.9141755,29.4995648,3,none
1318533516,-23.9140481,29.5010202,3,none
1318533523,-23.9141069,29.5002665,3,none
1318533526,-23.9166446,29.5003134,3,none
1318533527,-23.912811,29.4994993,3,none
1318533535,-23.9121233,29.4993411,3,none
1318535092,-23.9142969,29.4980724,3,none
1318535104,-23.9154328,29.4976513,3,none
1318535120,-23.913809,29.4971035,3,none
1318535123,-23.9136134,29.4978672,3,none
1318535126,-23.9172086,29.4981784,3,none
1318566556,-23.9088314,29.4829729,3,none
1318566584,-23.9087848,29.4839372,3,none
1318571622,-23.9002526,29.4684434,3,none
1318571625,-23.8997487,29.4708735,3,none
1318642409,-23.8832453,29.5000255,3,none
1318642415,-23.8831941,29.499302,3,none
1318642445,-23.883252,29.4994404,3,none
1318642464,-23.8827241,29.5001184,3,none
1318642479,-23.8839705,29.5010278,3,none
1318642482,-23.8826995,29.4999405,3,none
1318664028,-23.9276698,29.4502359,3,none
1318717538,-23.9143595,29.480404,3,none
1318717541,-23.9161015,29.4854794,3,none
1318717572,-23.9168567,29.4852112,3,none
1323343811,-23.8895991,29.4780912,3,none
1323343812,-23.8880807,29.4783907,1,none
1323343858,-23.8823887,29.4836402,3,none
1323343859,-23.8878434,29.4781652,1,none
1323343872,-23.8881534,29.47875,3,none
1323343933,-23.8885573,29.4788001,1,none
1323343935,-23.8890181,29.4754607,4,none
1323343946,-23.8879557,29.4785217,3,none
1323343949,-23.8883251,29.4785415,1,none
1323343990,-23.8904068,29.4770312,3,none
1323344054,-23.8884233,29.4790106,3,none
1327001065,-23.9218548,29.4525199,3,none
1327001121,-23.9224033,29.4524788,3,none
1327390492,-23.9162005,29.4443699,3,none
1327390673,-23.9269104,29.4375564,3,none
1327390685,-23.9143692,29.4424642,4,none
1327390922,-23.9302073,29.440706,3,none
1327391051,-23.9302103,29.4406617,3,none
1327750390,-23.9235801,29.472723,3,none
1327750426,-23.9216481,29.4680398,3,none
1327750427,-23.9221137,29.46991,3,none
1327750443,-23.923164,29.4635009,3,none
1327750457,-23.9217166,29.4682291,3,none
1327750464,-23.9234415,29.4726413,3,none
1327750485,-23.9228632,29.4718679,3,none
1327750517,-23.9229007,29.4718269,3,none
1327750536,-23.9216417,29.4681714,3,none
1327750553,-23.9271589,29.4682531,3,none
1327750568,-23.9218445,29.4681326,3,none
1327750570,-23.9220732,29.4699194,3,none
1327750590,-23.9217572,29.4679929,3,none
1327750621,-23.9270595,29.4683392,3,none
1327750625,-23.9220748,29.4700139,3,none
1327750641,-23.9215839,29.4631413,3,none
1327750650,-23.9218011,29.4682081,3,none
1327750661,-23.9052367,29.486606,3,none
1327750697,-23.9188955,29.4619089,3,none
1327750727,-23.9229937,29.4719285,3,none
1327750728,-23.9236052,29.4724472,3,none
1327750761,-23.927127,29.4685419,3,none
1327750789,-23.9213657,29.4682033,3,none
1327750804,-23.9218276,29.4680438,3,none
1327750816,-23.9234381,29.4725308,3,none
1327750842,-23.9229552,29.4719701,3,none
1327750843,-23.9236808,29.4725259,3,none
1327750859,-23.9020973,29.4989401,3,none
1327750881,-23.8940435,29.4528745,3,traffic_signals
1327750895,-23.9216306,29.4680791,3,none
1327750909,-23.9235065,29.4724512,3,none
1327750912,-23.9272448,29.4682639,3,none
1327882474,-23.9029573,29.5017296,3,none
1327882493,-23.9012691,29.501338,3,none
1327882677,-23.9036002,29.5018727,3,none
1341252103,-23.9118995,29.5018107,4,none
1733535062,-23.8924372,29.4362663,3,traffic_signals
1747338394,-23.8785286,29.4452226,3,none
1747338518,-23.877005,29.4447793,3,none
1747338536,-23.8992202,29.4396365,4,traffic_signals
1747338648,-23.8777707,29.4450021,3,none
1747338665,-23.8773787,29.4464728,3,none
1747344922,-23.9005089,29.4495781,4,traffic_signals
1747344923,-23.9015118,29.4563426,4,traffic_signals
1747344925,-23.8967974,29.4495043,4,traffic_signals
1747356902,-23.9203223,29.4398171,1,none
1747356916,-23.918949,29.4499113,3,none
1747356917,-23.9222422,29.4471225,4,none
1747356935,-23.9235784,29.4437577,3,none
1747356939,-23.9215447,29.4430174,4,none
1747356941,-23.9206804,29.4503055,1,none
1747356942,-23.9207184,29.4499791,4,none
1747356945,-23.9213503,29.4438189,3,none
1747356950,-23.9213412,29.4498329,3,none
1747356952,-23.9204617,29.4422115,3,none
1747356953,-23.9251304,29.4488472,4,none
1747356962,-23.9214503,29.4474792,3,stop
1747356967,-23.9206957,29.4396264,4,none
1747356970,-23.9213583,29.4491945,3,none
1747356971,-23.922203,29.4393012,3,none
1747356973,-23.9264163,29.4448138,3,none
1747356975,-23.9209041,29.445762,3,none
1747356989,-23.9145361,29.4488819,3,none
1747356999,-23.9213878,29.4485112,3,none
1747357018,-23.9235509,29.4514241,3,none
1747357019,-23.9213902,29.4421705,3,none
1747357020,-23.9231151,29.4435947,3,none
1747357025,-23.9241509,29.4425279,3,none
1747357033,-23.9200062,29.4499737,3,none
1747357047,-23.9242576,29.4440326,3,none
1747357048,-23.9228337,29.4401582,3,none
1747357050,-23.9211548,29.4407482,3,none
1747357057,-23.9220571,29.4477206,3,none
1747357061,-23.9236777,29.4495506,3,none
1747357064,-23.9235386,29.4501447,3,none
1747357065,-23.9301343,29.4418225,4,none
1747357066,-23.9236588,29.451548,1,none
1747357085,-23.9203469,29.4501336,3,none
1747357103,-23.9213835,29.4395982,3,none
1747357111,-23.9235368,29.4482665,3,none
1747357112,-23.9252659,29.4484871,4,none
1747357116,-23.9216231,29.4426459,3,none
1747357141,-23.914686,29.448073,1,none
1747357147,-23.9238046,29.448998,3,none
1747357148,-23.9299737,29.4456647,4,none
1747357167,-23.920304,29.4484738,1,none
1747357169,-23.9238399,29.4489294,1,none
1747357170,-23.9213081,29.4425245,3,none
1747357173,-23.9235478,29.4507837,3,none
1747357174,-23.9223317,29.4389089,3,none
1747357176,-23.9247921,29.4442204,3,none
1747357179,-23.920483,29.4471829,3,none
1747357183,-23.9212762,29.4401582,3,none
1747357195,-23.9221576,29.4417883,3,none
1747357202,-23.9236463,29.4478971,4,none
1747401380,-23.9080087,29.4363467,1,none
1747401395,-23.9157583,29.4358894,3,none
1747401452,-23.9053826,29.4353248,3,none
1747401463,-23.9100341,29.4349359,3,none
1747401488,-23.9108698,29.4351272,3,none
1747401502,-23.9173204,29.4351328,3,none
1747401570,-23.9073957,29.4333655,3,none
1747401693,-23.9170088,29.438746,3,none
1747401710,-23.9072299,29.4348083,1,none
1747401716,-23.9193797,29.4348206,3,none
1747401722,-23.907869,29.4338769,1,none
1747401761,-23.9169573,29.4359203,3,none
1747401784,-23.9191403,29.4384904,3,none
1747401830,-23.9106091,29.4354382,3,none
1747401838,-23.9163033,29.4380743,3,none
1747401865,-23.9193595,29.4370273,3,none
1747401877,-23.9157718,29.4351009,3,none
1747401882,-23.9103041,29.4358293,3,none
1747401886,-23.9103431,29.4338147,3,none
1747401943,-23.9069213,29.4337222,3,none
1747401957,-23.9203568,29.4343176,3,none
1747402041,-23.9165507,29.4351179,3,none
1747402056,-23.9175555,29.43806,3,none
1747402064,-23.9188778,29.4388332,1,turning_circle
1747402081,-23.9181998,29.4351599,3,none
1747402099,-23.9114007,29.435617,3,none
1747402146,-23.918098,29.4385864,3,none
1747402183,-23.9183909,29.4359476,3,none
1747402374,-23.919376,29.4351867,3,none
1747402475,-23.9075551,29.4343571,1,none
1747402515,-23.919365,29.4359659,3,none
1747402643,-23.9163435,29.4359115,3,none
1747402759,-23.9157117,29.438065,3,none
1747402763,-23.9176731,29.4359324,3,none
1747402769,-23.9162621,29.439668,3,none
1747402776,-23.9155836,29.4405337,3,none
1747402782,-23.9064627,29.4340937,3,none
1747402793,-23.9085771,29.435342,3,none
1747402842,-23.9185951,29.4379695,4,none
1747402849,-23.9066722,29.4357642,3,none
1747402859,-23.9219648,29.4337853,3,none
1942920671,-23.8974558,29.4488552,3,none
1947524199,-23.895147,29.4508106,3,none
1984238937,-23.8925188,29.4729006,3,none
1984238949,-23.8924206,29.4728821,3,none
1984238950,-23.8923819,29.4730194,3,none
1984238961,-23.8924877,29.4730608,3,none
1984238974,-23.8925525,29.4726491,3,none
2269903982,-23.9298278,29.4339608,4,none
2269904074,-23.933051,29.437048,3,none
2270411371,-23.8948993,29.4704215,3,none
2270411377,-23.8955458,29.4770522,3,none
2270411378,-23.8938283,29.4692507,3,none
3731663975,-23.8881036,29.4718814,3,none
3731663976,-23.8869475,29.4749512,3,none
3731663978,-23.8886475,29.4705188,3,none
3731663980,-23.8834919,29.4682302,3,none
3731663990,-23.8871269,29.474525,4,none
3731663999,-23.8871324,29.4724424,3,none
3731664001,-23.885428,29.4692184,1,none
3731664012,-23.8863405,29.4708373,3,none
3731664022,-23.8864261,29.4703074,1,none
3731664226,-23.886175,29.4696137,3,none
3731664227,-23.8872031,29.471369,3,none
3731664229,-23.8873418,29.4736046,3,none
3731664251,-23.8892282,29.4747962,3,none
3731664254,-23.8867622,29.4744254,1,none
3731664268,-23.8874386,29.4726028,3,none
3731664275,-23.8854864,29.4699183,3,none
3731664278,-23.8869007,29.4697602,1,none
3731664297,-23.889921,29.475334,1,none
3731664306,-23.8875064,29.4732283,1,none
3731664307,-23.8886911,29.474359,3,none
3731664316,-23.8865538,29.4709995,3,none
3731664317,-23.8884116,29.4685856,3,none
3731664318,-23.8879136,29.4721957,1,none
3731664326,-23.8876642,29.4713288,3,none
3731664329,-23.8864682,29.4694884,3,none
3731664342,-23.887471,29.4736657,3,none
3731664347,-23.8881596,29.4687029,3,none
3731664352,-23.8855066,29.460433,3,none
3731664356,-23.887845,29.4712423,3,none
3731664357,-23.8867204,29.4700955,1,none
3731664360,-23.8875466,29.4689903,3,none
3731664363,-23.886945,29.471255,3,none
3732238792,-23.8743743,29.4884795,3,none
3732238803,-23.8798676,29.4741639,3,none
3732238806,-23.8742719,29.4888905,3,none
3732238809,-23.8780594,29.4761883,3,none
3732238810,-23.8803359,29.4898835,1,none
3732238816,-23.87901,29.4753293,3,none
3732238817,-23.8746858,29.4887316,3,none
3732238823,-23.8777994,29.4764981,3,none
3732241127,-23.8791352,29.4745279,3,none
3732241137,-23.8770584,29.4802558,3,none
3732241152,-23.8791631,29.4757752,4,none
3732241154,-23.8794903,29.4739257,3,none
3732241160,-23.877743,29.4769111,3,none
3732241162,-23.8808692,29.47478,3,none
3732241170,-23.879193,29.4749392,4,none
3732241184,-23.8753725,29.4823091,3,none
3732241188,-23.8781882,29.4760448,3,none
3732241191,-23.877976,29.4772477,4,none
3732241203,-23.8775922,29.4771016,3,none
3732241206,-23.8757034,29.4868343,3,none
3732241212,-23.8748708,29.4844681,1,none
3732241216,-23.880795,29.4750322,1,none
3732241217,-23.8790427,29.4744837,1,none
3732241219,-23.877055,29.4797972,1,none
3732241221,-23.8747716,29.4835523,3,none
3732241233,-23.8799096,29.4892519,1,none
3732241234,-23.877782,29.4802692,3,none
3732241239,-23.8766163,29.4839063,3,none
3732241242,-23.8783216,29.4775602,1,none
3732241244,-23.8745165,29.4838668,3,none
3732241266,-23.8786443,29.4755003,3,none
3732241268,-23.8789568,29.4768307,1,none
3732241269,-23.8795059,29.4751027,4,none
3732241272,-23.8778741,29.4778632,1,none
3732241274,-23.8781776,29.4789278,2,none
3732241275,-23.8785632,29.4772021,1,none
3732241287,-23.8806955,29.4749766,3,none
3732241291,-23.8793947,29.474135,1,none
3732241305,-23.8742355,29.4830989,1,none
3732241318,-23.8802402,29.4897501,1,none
3732241321,-23.877611,29.4781157,3,none
3732241326,-23.8783378,29.4762124,3,none
3732241332,-23.8768272,29.4774944,1,none
3732241338,-23.8741443,29.4843308,3,none
3732241339,-23.8805775,29.4893176,3,none
3732241345,-23.8796111,29.4889267,1,none
3732241351,-23.8744534,29.4839445,3,none
3732241357,-23.8752278,29.4821227,3,none
3732241365,-23.8784641,29.4863391,3,none
3732241368,-23.8779772,29.4766308,4,none
3732241371,-23.8795307,29.4760649,1,none
3732241372,-23.8778767,29.4782361,3,none
3732241375,-23.8816789,29.4860132,3,none
3732241383,-23.8793518,29.4754761,4,none
3732241385,-23.8785781,29.476498,4,none
3732241388,-23.8780574,29.4790463,2,none
3732241391,-23.8788457,29.4761661,4,none
3732241398,-23.8789964,29.4748394,3,none
3732241400,-23.8803823,29.489103,3,none
3732241402,-23.8793184,29.4746138,3,none
3732241408,-23.8800783,29.4894994,1,none
3732241413,-23.878618,29.4784101,3,none
3732241414,-23.8775704,29.4801283,1,none
3732241435,-23.8804098,29.4889177,3,none
3732241446,-23.8789846,29.481471,3,none
3732241448,-23.8817302,29.4859138,4,none
3732241450,-23.8784334,29.4757685,3,none
3732241462,-23.8740773,29.4834315,1,none
3732241473,-23.8782016,29.4763613,3,none
3732241475,-23.8850608,29.4744968,3,none
3732241480,-23.8772414,29.4771995,3,none
3732241488,-23.8769361,29.4775709,3,none
3732241497,-23.8750512,29.4832116,3,none
3732241500,-23.8791482,29.4764819,1,none
3732241501,-23.8747195,29.4836166,3,none
3732241506,-23.8796687,29.4747767,4,none
3732241516,-23.8800632,29.4884688,3,none
3732241519,-23.875137,29.4831097,3,none
3732241525,-23.878805,29.4756458,3,none
3732241526,-23.877976,29.4857155,3,none
3732241529,-23.8782605,29.4769031,4,none
3732241537,-23.8745372,29.4848182,1,none
3732241546,-23.8797614,29.4745477,4,none
3732241554,-23.8785904,29.4759267,4,none
3732241556,-23.8788378,29.4752131,3,none
3732241563,-23.8773788,29.4773684,4,none
3732241570,-23.8776387,29.4776474,4,none
3732241573,-23.876269,29.4797382,3,none
3732241579,-23.8779427,29.4803899,1,none
3732241582,-23.8775725,29.4767837,3,none
3732241587,-23.8822965,29.4851842,3,none
3732241588,-23.8740841,29.4806128,3,none
3732241589,-23.8809047,29.4895671,3,none
3732241592,-23.8797092,29.4890387,1,none
3732241593,-23.8755896,29.4826055,3,none
3732241596,-23.8765449,29.4838172,3,none
3732241605,-23.8753897,29.4828254,3,none
3732241617,-23.8774462,29.4769514,3,none
3732241619,-23.8849015,29.4753062,1,none
3732241624,-23.8823447,29.4864343,3,none
3732241925,-23.874639,29.4826148,1,none
3732241931,-23.8829103,29.4839659,3,none
3732241932,-23.875986,29.4871868,3,none
3819600886,-23.9239136,29.4337745,3,none
3819600892,-23.9228291,29.4337668,3,none
3819600900,-23.9229986,29.4348816,3,none
3819600905,-23.915253,29.4437727,3,none
3819600919,-23.9158549,29.4436349,3,none
3819600921,-23.9154205,29.4440679,3,none
3819600923,-23.9061587,29.442392,3,none
3819600929,-23.9046998,29.4417656,3,none
3819600942,-23.9038156,29.4414014,3,none
3819600943,-23.9040351,29.4415851,3,none
3819600947,-23.9043018,29.4421084,3,none
3819605663,-23.9325793,29.4497926,3,none
3819605664,-23.9297782,29.4505256,3,none
3819605669,-23.9352886,29.447639,3,none
3819605677,-23.9354011,29.4477729,3,none
3819605684,-23.9353309,29.4478321,3,none
3819605691,-23.9355805,29.4490644,4,none
3819605692,-23.9356712,29.4490537,4,none
3819605693,-23.9356414,29.448637,3,none
3820109089,-23.9118548,29.4445959,4,none
3820109096,-23.912233,29.4443538,3,none
3820109100,-23.9114425,29.4441848,3,none
3820109125,-23.9196298,29.4468516,4,traffic_signals
3820109127,-23.9201569,29.4440667,3,none
3820109128,-23.9205239,29.4422361,4,none
3820109133,-23.9207563,29.4395817,4,none
3820109137,-23.9201254,29.4388584,4,traffic_signals
3842611516,-23.927064,29.4684772,3,none
3842611518,-23.9273087,29.468328,3,none
3842611522,-23.9177109,29.4714247,1,none
3842613669,-23.9026697,29.4990437,3,none
3842613674,-23.902493,29.4991157,3,none
3842613676,-23.9025256,29.4991705,3,none
3842613682,-23.9026306,29.4991802,3,none
3842613683,-23.9026558,29.4991579,3,none
3842613687,-23.9023572,29.4872514,3,none
3842613689,-23.902988,29.4839054,3,none
3842613699,-23.9041668,29.4854837,4,traffic_signals
3842613706,-23.9050526,29.4861798,3,none
3842613707,-23.9051439,29.48606,3,none
3842613717,-23.9052371,29.4862075,3,none
3842613721,-23.9052052,29.4860801,3,none
3842613723,-23.9051346,29.4862703,3,none
3842613724,-23.905195,29.4862582,3,none
3842613727,-23.9059576,29.4858925,4,none
3930049832,-23.8817861,29.4453013,3,none
3930049836,-23.8818396,29.445293,3,none
3930049843,-23.8818026,29.4451783,3,none
3930049852,-23.8822362,29.4454569,3,none
3930049853,-23.8822631,29.4453683,3,none
3930063408,-23.8911117,29.4759445,3,none
3930063413,-23.8912201,29.4760992,3,none
3930063415,-23.8912222,29.4760263,3,none
3930063419,-23.891088,29.4759556,3,none
3930063424,-23.8911407,29.476162,3,none
3930063425,-23.8911718,29.4761513,3,none
3930063427,-23.8908488,29.4759277,3,none
3930063429,-23.8910314,29.4760778,3,none
3930063439,-23.8913646,29.4752342,3,none
3930063442,-23.8913753,29.4748243,3,none
4311629379,-23.894416,29.433565,3,none
4312424573,-23.8843863,29.501498,3,none
4312424575,-23.8843472,29.5015305,3,none
4312424577,-23.8843346,29.5015785,3,none
4312424580,-23.8843852,29.501654,3,none
4312424582,-23.8844292,29.5016558,3,none
4312442428,-23.8986219,29.4474525,4,traffic_signals
4312442444,-23.8983557,29.4491232,4,traffic_signals
4312442447,-23.8987194,29.4474913,4,traffic_signals
4312442449,-23.8988211,29.4472043,3,none
4312442450,-23.8990047,29.446541,3,none
4312442451,-23.8982206,29.4490905,4,traffic_signals
4312442460,-23.8954597,29.4505852,3,none
4312442463,-23.8940741,29.4515026,3,none
4312628025,-23.8814529,29.4425992,3,none
4312628027,-23.8951985,29.448473,3,none
4312628051,-23.8823674,29.4429101,4,traffic_signals
4312628067,-23.8921024,29.4481739,1,none
4312628073,-23.8919552,29.447671,3,none
4312628077,-23.8922091,29.4480385,1,none
4312628080,-23.8927915,29.4479138,3,none
4312628404,-23.8961561,29.4485615,3,none
4312628405,-23.8961374,29.4486848,4,none
4312628418,-23.8827107,29.4440849,3,none
4312628419,-23.8823232,29.4452168,3,none
4312628420,-23.8824508,29.4452758,3,none
4312628431,-23.9366437,29.4514744,2,none
4355326398,-23.8829536,29.4996086,4,traffic_signals
4355326400,-23.8891995,29.4921096,4,traffic_signals
4355326401,-23.8892495,29.4920458,4,traffic_signals
4355326407,-23.8959206,29.4839324,4,traffic_signals
4355326408,-23.899641,29.4793712,3,traffic_signals
4355326410,-23.9009876,29.4785689,3,none
4355326416,-23.8994775,29.4797215,3,none
4355326424,-23.8998818,29.4796316,3,none
4355326435,-23.9017138,29.4786029,4,traffic_signals
4355326438,-23.9032357,29.4790287,3,none
4355326446,-23.9037299,29.480101,3,none
4355326469,-23.9064523,29.4781751,4,traffic_signals
4355326471,-23.9068243,29.4781893,2,none
4355326480,-23.9041199,29.4782513,3,none
4355326592,-23.9027561,29.4788955,3,none
4355326593,-23.9017824,29.478253,3,none
4355326599,-23.9021518,29.4787045,3,none
4355326622,-23.8928851,29.4875875,3,none
4355326623,-23.8927462,29.4879109,3,none
4355326631,-23.8931029,29.4877992,4,none
4355326632,-23.8931719,29.487392,3,none
4355464710,-23.8898345,29.4926027,4,none
4355464715,-23.8879085,29.491268,3,none
4355464717,-23.8879785,29.4913344,1,none
4355464718,-23.8876809,29.491569,3,none
4355464720,-23.8877674,29.4916431,1,none
4355464721,-23.8874767,29.4918704,3,none
4355464723,-23.8875445,29.4919346,1,none
4355464726,-23.8873277,29.4922222,1,none
4355464727,-23.8870164,29.4924412,3,none
4355464729,-23.8870998,29.4925205,1,none
4355464734,-23.8875998,29.4916903,3,none
4355464735,-23.8875273,29.4916101,1,none
5287475777,-23.8901791,29.4931365,3,none
5287475785,-23.8902304,29.4930298,3,none
5287475788,-23.8900602,29.4930105,3,none
5287497425,-23.8839275,29.5008698,3,none
5287497428,-23.8838776,29.5009283,3,none
5287497436,-23.8840217,29.5009764,3,none
5287497440,-23.8819075,29.4982378,3,none
5287497442,-23.8818475,29.4982058,3,none
5287497443,-23.881828,29.4982086,3,none
5287497446,-23.881774,29.498269,3,none
5287497452,-23.8818404,29.4983711,3,none
5287497453,-23.8818616,29.4983701,3,none
5287497455,-23.8819219,29.4983051,3,none
5287497465,-23.8842939,29.4954759,3,none
5287497466,-23.8838479,29.4959197,3,none
5287497489,-23.8815414,29.4986849,1,none
5398011477,-23.8988958,29.4444281,3,none
5643818831,-23.9282545,29.4509212,3,none
5691423635,-23.9015094,29.4880839,1,none
5691423637,-23.9010633,29.4885761,3,none
5691423638,-23.9006266,29.4889875,3,none
5691423643,-23.9001276,29.4894277,3,none
5750883838,-23.9207178,29.4450063,3,none
5750883843,-23.9210402,29.4450907,3,none
5750883845,-23.9210879,29.4469888,1,none
5750883848,-23.920754,29.4462977,3,none
5751491946,-23.9046837,29.4817378,3,none
5751491947,-23.9038336,29.481528,3,none
5897783475,-23.9145551,29.4429733,3,none
5897783478,-23.9141345,29.4429208,3,none
5897783479,-23.9147168,29.4424997,3,none
5897783483,-23.91465,29.4428927,3,none
5973314487,-23.8759914,29.4409381,3,none
5973314491,-23.8763778,29.4406477,3,none
5973314492,-23.8763882,29.4406058,3,none
5973314506,-23.8994802,29.4397344,3,none
5973314509,-23.8991561,29.4398497,3,none
5973314512,-23.8989554,29.4395144,3,none
5973367439,-23.884242,29.4578673,3,none
5973367440,-23.8827373,29.4581786,3,none
5973367442,-23.8835441,29.457671,3,none
5973367444,-23.8745766,29.4629949,3,none
5973367445,-23.8761713,29.4620548,3,none
5973367448,-23.8756159,29.4623427,3,none
5973367449,-23.8751403,29.4626257,3,none
5973367453,-23.8752119,29.4621221,3,none
5973403143,-23.8927397,29.4522761,3,none
5973403148,-23.8902894,29.45378,3,none
5973403156,-23.888796,29.455149,3,none
5973403157,-23.8885893,29.4546715,3,none
5973403158,-23.8889654,29.4547841,1,turning_circle
5975757346,-23.8969985,29.4496398,3,none
5975757349,-23.8970892,29.4492616,3,none
5975881118,-23.9208275,29.4520584,3,none
5975929733,-23.9278258,29.4506067,3,none
5976539047,-23.9232959,29.4629247,3,none
5976539052,-23.9234669,29.4632272,3,crossing
5976539063,-23.9238698,29.4722507,3,none
5976539071,-23.9232555,29.4729489,3,none
5976539072,-23.9164926,29.4758798,3,none
5976539077,-23.9162248,29.4761936,3,none
5979138431,-23.8986458,29.4477086,3,none
5979138436,-23.8989103,29.4475577,3,crossing
5979806245,-23.8824655,29.4425681,3,none
5979806250,-23.8826107,29.4428843,3,none
5979806284,-23.8946504,29.4486192,1,none
5979810288,-23.8944101,29.4482839,3,none
5979874946,-23.8762058,29.4413698,3,none
5979874951,-23.8765676,29.4411284,3,none
5984373993,-23.9018392,29.4911235,4,none
5984373999,-23.9015641,29.4913401,3,none
5984374000,-23.9013414,29.4910135,4,none
5984463665,-23.9021086,29.4884751,3,none
5984463666,-23.9022764,29.487984,4,traffic_signals
5984584308,-23.9016641,29.4908043,3,none
5985762196,-23.9020545,29.5014986,3,none
5985762197,-23.9020958,29.5015792,3,none
5985762199,-23.9021355,29.5014581,3,none
5985762222,-23.9021668,29.5015379,3,none
5986242608,-23.9044066,29.4784534,3,none
5986284628,-23.8819247,29.4463997,3,none
5986762942,-23.8842988,29.5016994,3,none
5986762943,-23.8840833,29.5011432,3,none
5986762945,-23.8844737,29.5016198,3,none
5986762946,-23.8845234,29.5017282,3,none
5986762947,-23.8843216,29.5014474,3,none
5987040283,-23.8993724,29.4759419,3,none
5987040588,-23.8993987,29.4755606,3,none
5987040594,-23.8995732,29.4754223,3,none
5987040599,-23.8996699,29.4755932,3,none
5987063385,-23.886631,29.4884635,3,none
5987165026,-23.8825586,29.4949826,3,none
5987823817,-23.8839162,29.4958395,3,none
5987823818,-23.8830079,29.4946481,3,none
5987823819,-23.8809658,29.4962796,3,none
5990446449,-23.8744773,29.4891487,3,none
5990446458,-23.8817213,29.4981329,3,none
5990446460,-23.8820215,29.498078,3,none
5990990866,-23.886067,29.493119,3,none
5990990868,-23.8853802,29.4941939,1,none
5990990869,-23.8854977,29.4944827,1,none
5990990870,-23.8852155,29.4948101,1,none
5990990871,-23.8849425,29.4950711,1,none
5990990872,-23.8846754,29.4953003,1,none
5990990873,-23.8843685,29.4955366,1,none
5990990874,-23.8854836,29.4942845,3,none
5990990880,-23.8854033,29.4943887,3,none
5990990882,-23.8851183,29.4947151,3,none
5990990884,-23.8848407,29.4949789,3,none
5990992286,-23.8845904,29.4952115,3,none
5990992289,-23.8841044,29.4957933,1,none
5990992290,-23.8840292,29.4957169,3,none
5990992292,-23.883522,29.4964922,1,none
5990992293,-23.8834379,29.4964091,3,none
5990992295,-23.882841,29.4973481,1,none
5990992296,-23.8826323,29.4975949,1,none
5990992297,-23.8827351,29.4972422,3,none
5990992299,-23.8825251,29.4974912,3,none
5990992301,-23.8824241,29.4978461,1,none
5990992302,-23.8823167,29.4977382,3,none
5990992323,-23.8821902,29.4978794,3,none
5990992324,-23.8783765,29.492903,3,none
5991312847,-23.8889257,29.4759065,1,none
5991449356,-23.9034196,29.4656432,3,none
5991449357,-23.9033669,29.4659369,1,none
5991449366,-23.9031413,29.4655855,3,none
5991449367,-23.9030248,29.466079,1,none
5991449368,-23.9027772,29.4655064,3,none
5991449369,-23.9026239,29.4661018,1,none
5991449370,-23.9022881,29.4654823,1,none
5991449371,-23.9023063,29.4653897,3,none
5991449443,-23.8835469,29.4682948,1,none
5991449497,-23.8913176,29.4762503,3,none
5991541348,-23.8865025,29.4823526,1,none
5991541350,-23.8880686,29.4797233,1,none
5991541372,-23.8905276,29.4705389,1,none
5991541374,-23.8830154,29.4748114,1,none
5991554925,-23.8763725,29.4839988,1,none
5991554928,-23.8791588,29.4811539,1,none
5991554930,-23.8825651,29.4833427,1,none
5991571144,-23.8828916,29.4996875,4,traffic_signals
5991624494,-23.8893856,29.4922978,3,none
5991624497,-23.8891178,29.4923383,3,none
5991624498,-23.889459,29.4919252,3,none
5991624501,-23.8894495,29.4922363,3,none
5991624502,-23.8891095,29.4919126,3,none
5991624505,-23.8894091,29.491853,3,none
5991624506,-23.8890534,29.4922946,3,none
5991624509,-23.8890747,29.4919849,3,none
5991624516,-23.8862401,29.495763,3,none
5991624519,-23.8862458,29.4960251,1,none
5991624520,-23.8862082,29.4961111,1,none
5991624523,-23.8859179,29.4961663,3,none
5991664991,-23.906779,29.4646568,4,none
5991665009,-23.9011513,29.4562675,3,none
5991665013,-23.9009074,29.4562139,3,none
5991665014,-23.9007498,29.4570407,1,none
5991665015,-23.9007087,29.4561656,3,none
5991665016,-23.9004169,29.4576797,1,none
5991665018,-23.9004598,29.4561066,3,none
5991665019,-23.9003752,29.4565129,1,none
5991665020,-23.9000663,29.456014,3,none
5991665021,-23.8999804,29.4564164,1,none
5991665022,-23.8996383,29.4559054,3,none
5991665023,-23.8995562,29.4563171,1,none
5991665787,-23.9066429,29.4682965,1,none
5991665788,-23.9066699,29.4681846,3,none
5991739080,-23.8871939,29.4921072,1,none
5991739081,-23.8872564,29.4921592,4,none
5991739083,-23.8868998,29.4924681,1,none
5991739084,-23.8869458,29.4925297,3,none
5991746490,-23.8832174,29.4938818,1,none
5991746491,-23.8831318,29.4939628,3,none
5991770768,-23.8748546,29.4836463,1,none
5991770769,-23.8751315,29.4832928,1,none
5991770770,-23.8754516,29.4829015,1,none
5991770771,-23.8753157,29.4823702,1,none
5991770772,-23.8751745,29.4821865,1,none
5991770773,-23.8828601,29.4840346,1,none
5991886743,-23.9105687,29.463897,1,none
5991886744,-23.910587,29.4637743,3,none
5991886746,-23.9109728,29.4663232,1,none
5991886747,-23.9110738,29.4663545,3,none
5991886804,-23.880085,29.4711296,3,none
5991886812,-23.8789214,29.4741922,3,none
5991886815,-23.8789729,29.4742251,3,none
5991886820,-23.879008,29.4741362,3,none
5991886823,-23.8789514,29.4741176,3,none
5991886888,-23.8903004,29.4769174,1,none
5991886889,-23.8894923,29.4779866,1,none
5991886890,-23.888902,29.4787712,1,none
5992021693,-23.903023,29.4619904,3,none
5993768444,-23.9354947,29.448353,3,none
5993768466,-23.9139757,29.4965006,3,none
5993794940,-23.9365643,29.4517075,1,none
5993794969,-23.9354333,29.4478308,3,none
5993824290,-23.8958459,29.4461435,1,none
6016008919,-23.9142062,29.4428634,3,none
6016008924,-23.9142332,29.4424675,3,none
6016538749,-23.9002453,29.4360852,3,none
6016538750,-23.8987421,29.4353087,3,none
6016538751,-23.9013727,29.4364198,3,none
6016538752,-23.9006805,29.4376449,3,none
6016538755,-23.9013788,29.4348299,3,none
6016538756,-23.8945542,29.434602,3,none
6016538758,-23.895334,29.4343029,3,none
6016538760,-23.8958612,29.4345544,3,none
6016538761,-23.8985281,29.4333009,3,none
6016538762,-23.8973742,29.4352933,3,none
6016538764,-23.8968874,29.4350564,3,none
6016538765,-23.8965886,29.4356086,3,none
6016538768,-23.8963603,29.4348065,3,none
6016538769,-23.8960715,29.435353,3,none
6016538771,-23.8979009,29.4355649,3,none
6016538772,-23.8976128,29.4361335,3,none
6016538773,-23.9001742,29.4373995,3,none
6016538774,-23.9012593,29.4379346,3,none
6016538776,-23.901068,29.435817,3,none
6016538777,-23.9005493,29.4355662,4,none
6016538778,-23.899029,29.4348018,3,none
6016538779,-23.9008436,29.4350498,3,none
6016538780,-23.8996567,29.437138,3,none
6016538782,-23.898438,29.4358465,3,none
6016538783,-23.8981339,29.4363896,3,none
6016538784,-23.8990078,29.4335487,3,none
6016538886,-23.8999669,29.4366015,3,none
6016538887,-23.8948442,29.4340709,3,none
6016538888,-23.893992,29.4343176,3,none
6022939905,-23.9073786,29.4782308,3,none
6022939910,-23.9275558,29.4511136,3,none
6022939924,-23.9156831,29.4438198,3,none
6141172376,-23.9337544,29.4656773,3,motorway_junction
6141172382,-23.9270612,29.4729716,3,none
6146318224,-23.9306617,29.4683779,3,none
6146318225,-23.9304829,29.4686637,4,none
6146318226,-23.9302717,29.4689533,3,none
6146318231,-23.9319823,29.4700958,4,none
6146318232,-23.9315766,29.4704586,3,none
6146318253,-23.9317498,29.4704366,3,none
6146318254,-23.8817591,29.495586,3,none
6146318264,-23.880369,29.4919981,3,none
6951191198,-23.9044265,29.4765093,3,none
6951191199,-23.9041093,29.4765014,3,none
6951342154,-23.9054218,29.4860823,3,none
6952010520,-23.8995562,29.4756756,3,none
6953976049,-23.9042097,29.4854274,4,none
6953976050,-23.9035386,29.4851274,3,none
6954079399,-23.8982301,29.4775502,3,none
6954079400,-23.8986329,29.4770157,3,none
6954079401,-23.8975171,29.4786003,3,none
6954304206,-23.9015046,29.4912821,3,none
6954304215,-23.9016023,29.4907783,3,none
6954304222,-23.9015458,29.4910569,4,none
6954373297,-23.9043692,29.441007,3,none
6954373308,-23.9043797,29.4412984,3,none
6954373323,-23.8991412,29.4398971,3,none
6968844948,-23.8986865,29.4472611,3,none
6968844949,-23.8989484,29.4475687,3,none
6968872221,-23.8981014,29.4500951,3,none
6968872222,-23.8981765,29.4500251,4,none
6968872223,-23.8980536,29.4500029,4,none
6969085364,-23.9122225,29.4446789,3,none
6969085366,-23.9115561,29.4447587,3,none
6969332303,-23.915718,29.4434017,3,none
7038401017,-23.9362346,29.4741724,3,none
7038401018,-23.9305474,29.4788598,1,none
7211962228,-23.9160349,29.4442261,3,none
7211962239,-23.9198967,29.4387959,3,none
7211962245,-23.9275811,29.451111,3,none
7211962248,-23.9282423,29.4509246,3,none
7212021421,-23.9311677,29.4418412,4,none
7212021423,-23.9316486,29.4406162,3,none
7212021481,-23.9288889,29.45485,1,none
7212021483,-23.925694,29.4527074,3,none
7212023191,-23.9314164,29.4526588,3,none
7212023194,-23.9316152,29.4527435,3,none
7212023208,-23.9331938,29.4514489,3,none
7212023213,-23.9331255,29.4511376,3,none
7212052526,-23.8752537,29.4621993,3,none
7212052533,-23.8754006,29.4625732,3,traffic_signals
7212053369,-23.9231375,29.4340296,4,none
7212076423,-23.8941829,29.4332326,3,none
7212105344,-23.9166065,29.4416418,3,none
7212105345,-23.9165231,29.4417278,3,none
7212105346,-23.9167029,29.4418493,3,none
7212105347,-23.9164642,29.4414815,3,none
7212105348,-23.9163008,29.4413987,3,none
7212105349,-23.916384,29.4415672,3,none
7212105384,-23.9275883,29.4402044,3,none
7212105385,-23.9266284,29.439894,1,none
7212105386,-23.9268914,29.4395634,3,none
7212105392,-23.9272438,29.4398913,4,none
7212105393,-23.9279438,29.4390142,3,none
7212105394,-23.9268679,29.4405858,3,none
7218371916,-23.9199112,29.4354247,1,none
7218371918,-23.9193715,29.4355079,3,none
7218371951,-23.9302814,29.4349426,1,none
7218371952,-23.9321929,29.4362193,3,none
7218408454,-23.8759463,29.4409219,3,none
7218408464,-23.8762138,29.4413336,3,none
7218418187,-23.8765517,29.4411234,3,none
7218418188,-23.8763673,29.4406901,3,none
7218454640,-23.8759593,29.487597,3,none
7218480154,-23.9025135,29.4994866,3,none
7218480155,-23.9030236,29.4991584,3,none
7218480156,-23.9025182,29.4990156,3,none
7218554267,-23.879894,29.4362978,1,none
7218554268,-23.8793998,29.4361617,1,none
7218557010,-23.8795064,29.4358294,1,none
7218557018,-23.8795868,29.4362193,4,none
7218557025,-23.8795297,29.4365606,4,none
7218557028,-23.8794838,29.4369015,3,none
7218573705,-23.9280042,29.4513185,3,none
7218573711,-23.9279624,29.4513517,3,none
7218573715,-23.9278815,29.4510283,4,traffic_signals
7218573716,-23.9277761,29.4506285,3,none
7218573717,-23.9280568,29.4516229,3,none
7218575888,-23.8774757,29.4777815,3,none
7218582299,-23.8742945,29.4490296,2,none
7218691414,-23.8834894,29.4836106,1,none
7218716874,-23.9210157,29.4509239,3,none
7218753585,-23.8803458,29.489033,3,none
7218753597,-23.8799927,29.4885394,3,none
7218781132,-23.8745609,29.4532717,3,none
7218781140,-23.8762641,29.4450478,1,none
7218781162,-23.8770456,29.4446201,3,none
7218781235,-23.879726,29.4366096,1,none
7218781236,-23.8793391,29.436509,1,none
7218918323,-23.8843862,29.4849871,4,stop
7218918324,-23.884285,29.4848618,3,none
7219320449,-23.879092,29.4455521,1,none
7219320450,-23.8784924,29.4453621,3,none
7219320470,-23.8744773,29.4513202,1,none
7219320473,-23.8753208,29.4514956,3,none
7219320474,-23.8763125,29.4502285,1,none
7219320478,-23.8760642,29.4501883,1,none
7219320479,-23.8761221,29.4499406,3,none
7219320480,-23.8759268,29.4501896,1,none
7219320481,-23.8759971,29.449899,3,none
7219320483,-23.8757369,29.4498123,3,none
7220596392,-23.8770832,29.447435,1,none
7220596393,-23.8763992,29.4472112,3,none
7220596394,-23.8784518,29.4427747,1,none
7220596395,-23.8790892,29.4429738,3,none
7220597791,-23.8796769,29.443531,1,none
7220597792,-23.8790012,29.4433222,3,none
7220683354,-23.9201711,29.4469816,3,none
7220683355,-23.9201434,29.4470626,3,none
7220683358,-23.92051,29.4470977,4,none
7220683360,-23.9196457,29.4467776,4,traffic_signals
7220683361,-23.921009,29.4473197,3,none
7220683364,-23.919456,29.4467343,3,none
7220683365,-23.9195592,29.4467415,4,traffic_signals
7220700663,-23.8753063,29.4790944,3,none
7220700664,-23.8748311,29.4796973,3,none
7220713699,-23.8903141,29.4931778,3,none
7220801471,-23.8749331,29.4833555,3,none
7220801472,-23.8744515,29.4828629,1,none
7220896627,-23.8788923,29.4743404,3,none
7220896628,-23.8790469,29.4739708,3,none
7222319960,-23.9326583,29.4477046,1,none
7222319961,-23.9321106,29.4451285,3,none
7222319965,-23.9264641,29.4535504,1,none
7222319967,-23.9263328,29.4546052,3,none
7222319979,-23.9168418,29.4423472,3,none
7222319980,-23.9168052,29.4419982,3,none
7223175691,-23.8827213,29.4993259,3,none
7223175692,-23.8827124,29.4994328,3,none
7227101463,-23.9009723,29.4570883,3,none
7227101464,-23.901323,29.4571795,3,none
7227419992,-23.9068022,29.4664297,3,none
7227419993,-23.9075527,29.4653937,1,none
7227420089,-23.9138532,29.4716394,3,none
7227420090,-23.9139432,29.471188,1,none
7227420091,-23.9141849,29.4699309,3,none
7227420092,-23.9143484,29.4691542,1,none
7227420093,-23.9134596,29.4684139,1,none
7227420094,-23.9135526,29.4680143,3,none
7227420100,-23.9138087,29.4680739,3,none
7227420101,-23.9138237,29.4674885,1,none
7227420106,-23.9150058,29.4648109,3,none
7227420107,-23.9151551,29.4641036,1,none
7227420120,-23.9136754,29.459804,1,none
7227420121,-23.9139547,29.4592551,3,none
7227420122,-23.915469,29.4592488,1,none
7227420123,-23.9152698,29.4592071,3,none
7227420124,-23.9151796,29.4588478,1,none
7227420125,-23.9153243,29.45888,3,none
7227420126,-23.9154665,29.4589055,1,none
7227420127,-23.9152136,29.4595442,3,none
7227420170,-23.9139193,29.4555098,1,none
7227420171,-23.9140504,29.4557462,3,none
7227492101,-23.9085429,29.4597569,3,none
7227492102,-23.9079535,29.4587494,3,none
7227492114,-23.9095664,29.4582282,3,none
7227492115,-23.9098821,29.4575228,1,none
7227492155,-23.9113031,29.4566041,1,none
7227492156,-23.9115527,29.4569269,3,none
7227492170,-23.9124094,29.4571354,3,none
7227492171,-23.9123274,29.4562662,1,none
7227492180,-23.9121772,29.4560891,1,none
7227492181,-23.9121844,29.4553177,3,none
7227492208,-23.9126734,29.4581648,3,none
7227492219,-23.9113904,29.4647553,3,none
7227492221,-23.9096029,29.4670846,3,none
7227492222,-23.9097485,29.4664371,1,none
7227492223,-23.9097751,29.4671254,3,none
7227492224,-23.9098993,29.4665068,1,none
7227492225,-23.9089798,29.4660696,1,none
7227492226,-23.9088805,29.4666557,1,none
7227492227,-23.9089283,29.4663911,4,none
7227492228,-23.9090656,29.466421,1,none
7227492229,-23.908785,29.4663599,3,none
7227492230,-23.9127473,29.4601795,1,none
7227492231,-23.9122924,29.4600722,3,none
7227492232,-23.9129349,29.460445,1,none
7227492233,-23.9122544,29.4602761,3,none
7227492234,-23.9132325,29.4573168,3,none
7227492235,-23.9133407,29.456761,1,none
7227492242,-23.9145071,29.4583074,3,none
7227492243,-23.9145924,29.4579251,1,none
7227492244,-23.9142847,29.4579694,1,none
7227492245,-23.9149393,29.4584039,3,none
7227492246,-23.9151663,29.4613054,3,none
7227492247,-23.9152998,29.460661,1,none
7227492256,-23.9148707,29.4619041,1,none
7227492257,-23.9151174,29.4612937,3,none
7227492258,-23.9152483,29.4712047,1,none
7227492259,-23.9147586,29.4711019,3,none
7227492263,-23.9125352,29.4706066,3,none
7227504567,-23.8829673,29.4997982,4,traffic_signals
7227504568,-23.8832148,29.5000815,3,none
7227520820,-23.9078972,29.4674966,1,none
7227520821,-23.9080611,29.4667221,3,none
7227520822,-23.9079499,29.467742,1,none
7227520823,-23.9084793,29.4678795,3,none
7227520879,-23.909106,29.4609466,1,none
7227520880,-23.9098073,29.4611323,3,none
7227520881,-23.9094617,29.4599697,3,none
7227520882,-23.909621,29.4591469,1,none
7227617695,-23.891661,29.4934282,1,none
7227617696,-23.8919086,29.4931277,3,none
7227617697,-23.8919111,29.49386,1,none
7227617698,-23.8922296,29.4934427,3,none
7227617699,-23.8918977,29.4941483,1,none
7227617703,-23.8926802,29.4938849,3,none
7227617735,-23.8807761,29.4937011,3,none
7227617746,-23.8807787,29.4931305,3,none
7227748552,-23.9044127,29.4595398,1,none
7227748553,-23.904766,29.4588735,3,none
7227748554,-23.9041295,29.4595585,1,none
7227748555,-23.9042994,29.4587666,3,none
7227748562,-23.9031658,29.4627759,1,none
7227748563,-23.9029859,29.4621493,3,none
7227748564,-23.9028434,29.4627598,1,none
7227748814,-23.9060656,29.4591851,3,none
7227748815,-23.9058865,29.459977,1,none
7227748816,-23.9060299,29.45934,3,none
7227748817,-23.9062687,29.4593903,3,none
7227748818,-23.9061513,29.4600213,1,none
7227748819,-23.9062969,29.4592384,3,none
7227748825,-23.9058239,29.4608957,3,none
7227748827,-23.9053777,29.4599928,3,none
7227748842,-23.9077562,29.4582423,1,none
7227748843,-23.9078313,29.4578279,3,none
7227748954,-23.9049851,29.4695483,3,none
7227748955,-23.9046702,29.4686969,1,none
7227748956,-23.9050196,29.4685104,1,none
7227748957,-23.90516,29.4678078,3,none
7227925611,-23.9127583,29.4595478,1,none
7227925612,-23.9128675,29.459003,3,none
7227925613,-23.9144196,29.4558312,3,none
7227925614,-23.9144833,29.4555004,1,none
7227925650,-23.9142172,29.4708037,1,none
7227925651,-23.9147867,29.4709614,3,none
7227925655,-23.9043686,29.4736643,1,none
7227925656,-23.9038449,29.473558,3,none
7227925657,-23.9026668,29.4589618,1,none
7227925662,-23.9029172,29.458446,3,none
7227925663,-23.9008546,29.4577213,1,none
7227925674,-23.898197,29.464427,3,none
7227925675,-23.8983472,29.4637549,1,none
7227927187,-23.9002637,29.4658819,1,none
7227927192,-23.8995848,29.4660196,3,none
7227927193,-23.9010956,29.4597819,3,none
7227927195,-23.9012335,29.4590704,1,none
7227927196,-23.9016232,29.4599031,3,none
7227927202,-23.9019876,29.4592877,1,none
7227927203,-23.9015854,29.4641049,1,none
7227927207,-23.9016261,29.4634344,3,none
7227927208,-23.9012691,29.4640861,1,none
7227927209,-23.9014398,29.4633913,3,none
7227927210,-23.9010432,29.4632994,3,none
7227927216,-23.9015744,29.4627772,1,none
7227927217,-23.8990897,29.4635162,1,none
7227927223,-23.8991831,29.4628749,3,none
7227927224,-23.8988957,29.4628101,3,none
7227927225,-23.8990118,29.4622247,1,none
7228268174,-23.9139316,29.4604142,1,none
7228268180,-23.9145513,29.4604727,3,none
7228268184,-23.9118462,29.4581457,1,none
7230538586,-23.8849174,29.4752255,3,none
7230538587,-23.8848107,29.4751944,1,none
7230538588,-23.8803158,29.4871625,1,none
7230561887,-23.8775833,29.4775817,4,none
7230561888,-23.8779184,29.4771964,3,none
7230561889,-23.8782014,29.4768467,4,none
7230561890,-23.8785343,29.4764545,3,none
7230561892,-23.878795,29.4761154,4,none
7230561894,-23.8791243,29.4757366,3,none
7230561896,-23.8793,29.4754432,3,none
7230561897,-23.879444,29.4750612,4,none
7230561899,-23.8795899,29.4747343,4,none
7230561900,-23.879687,29.4745128,4,none
7230561901,-23.879768,29.4743881,3,none
7230581973,-23.8790129,29.4741954,3,none
7238603672,-23.883723,29.4356425,3,none
7238603673,-23.8840274,29.4354763,3,none
7238690502,-23.8963962,29.4492251,3,none
7238917389,-23.8902108,29.4540276,4,none
7238917416,-23.8951417,29.4504686,1,none
7238917417,-23.8951535,29.4504907,1,none
7238997524,-23.8818627,29.4452532,3,none
7239466072,-23.8877617,29.4724211,1,none
7239558809,-23.9221387,29.4700067,3,none
7239558810,-23.9230703,29.472057,3,none
7239558811,-23.9227277,29.4717237,3,none
7239558812,-23.9233541,29.4723742,3,none
7239558813,-23.9221491,29.4703042,3,none
7239558816,-23.9220338,29.4696612,3,none
7239558817,-23.9216587,29.4676924,3,none
7239558818,-23.9218107,29.4685547,3,none
7239558819,-23.9220743,29.4680411,3,none
7239558826,-23.9269036,29.4681209,3,none
7239590096,-23.9268901,29.4687298,3,none
7239590097,-23.9274583,29.46808,3,none
7239590103,-23.9284923,29.466873,4,none
7239590105,-23.9288381,29.4671315,3,none
7239590110,-23.9275094,29.4659023,3,none
7239590114,-23.9254988,29.4639239,3,none
7239590115,-23.927549,29.4658416,3,none
7239649674,-23.8867767,29.4720362,1,none
7239649675,-23.886826,29.4718213,1,none
7239681238,-23.9163892,29.4686704,3,none
7239681239,-23.9167182,29.4669896,3,none
7242194930,-23.8903837,29.4536852,3,none
7242194933,-23.8900781,29.4539266,4,traffic_signals
7242194934,-23.8880716,29.4550943,3,none
7242194939,-23.8886332,29.4547545,4,none
7242194943,-23.8838751,29.4575892,4,traffic_signals
7242194944,-23.8843925,29.4572505,3,none
7242960677,-23.9369528,29.4457461,3,none
7242960706,-23.9356081,29.4492569,4,none
7242960707,-23.9356636,29.4494171,3,none
7242960715,-23.9346557,29.44996,3,none
7242960716,-23.9346208,29.4499251,3,none
7245513694,-23.9352293,29.447426,3,none
7425389966,-23.9064853,29.4781757,2,none
7425389967,-23.8963456,29.4491885,3,none
7434821723,-23.8990437,29.475385,3,none
8046268756,-23.8930535,29.4942257,3,none
8046268758,-23.8926852,29.4970222,1,none
8046553411,-23.896935,29.4614677,3,none
8046553413,-23.8975603,29.461553,1,none
8046772514,-23.9113027,29.4970689,3,none
8046772515,-23.9117065,29.4971519,1,none
8046775108,-23.9275376,29.4404813,1,none
8046966122,-23.9185507,29.4419801,3,none
8046966123,-23.9188392,29.4422461,1,none
8744920057,-23.9301878,29.4683777,3,none
8744920058,-23.9322416,29.4703526,3,none
8744920065,-23.9316578,29.4697857,3,none
8744920067,-23.9302468,29.4684348,3,none
9040179260,-23.935309,29.4503761,1,none
9040179262,-23.9345631,29.4502594,3,none
9040179265,-23.9337343,29.450075,1,none
9040179271,-23.9344381,29.4501816,3,none
9170942322,-23.8826312,29.4833892,1,none
9170942323,-23.8824718,29.483684,3,none
9241866154,-23.8828537,29.4971016,3,none
9241866164,-23.8828568,29.4961702,1,turning_circle
9302114492,-23.9323923,29.4378683,3,none
9302114493,-23.9303966,29.436112,1,none
9302120370,-23.9201598,29.4372339,3,none
9302120371,-23.919619,29.4367037,3,none
9307718406,-23.9111635,29.4967149,3,none
9307718407,-23.911178,29.4966375,4,none
9307718408,-23.911314,29.4960059,4,none
9307718409,-23.9113572,29.4958555,3,none
9307789720,-23.9116127,29.4960846,3,none
9307789721,-23.912019,29.4968386,1,none
9307789722,-23.9121918,29.4962076,3,none
9307789723,-23.9122973,29.4969097,1,none
9307789730,-23.9118764,29.496154,4,none
9307789732,-23.9117211,29.4967702,1,none
9307789733,-23.9119177,29.4959902,3,none
9307976322,-23.8742295,29.4842243,3,none
9308039043,-23.8891433,29.4907476,3,none
9308039044,-23.8891154,29.4907802,3,none
9308039305,-23.883079,29.4840746,3,none
9308260811,-23.9013942,29.4380057,3,none
9308314526,-23.8980788,29.4389933,3,none
10074451188,-23.928029,29.4410151,3,none
10074451189,-23.9274558,29.4429104,1,none
10074451190,-23.9283772,29.4431411,1,turning_circle
10074451191,-23.9274928,29.4427882,4,none
10074451192,-23.9266338,29.4425083,1,turning_circle
10074451193,-23.9270246,29.4426552,3,none
10074451194,-23.9272028,29.4420555,1,turning_circle
10074451195,-23.9276596,29.4422367,3,none
10074451196,-23.9285363,29.4425706,1,turning_circle
10074451197,-23.9282057,29.4424447,3,none
10074451198,-23.9285331,29.441385,1,turning_circle
10074451199,-23.928368,29.4419194,3,none
10074451200,-23.9287143,29.4420468,1,turning_circle
10210773053,-23.8771437,29.4847452,1,none
10210773060,-23.8770816,29.4848227,3,none
10210773061,-23.8774313,29.4851954,3,none
10210773062,-23.8759803,29.486972,3,none
10210773063,-23.8763484,29.485736,3,none
10210773064,-23.8767202,29.486066,4,none
10210773065,-23.8770637,29.4863441,4,none
10210773066,-23.877268,29.4865776,3,none
10292681678,-23.8831056,29.4362864,1,none
10292681680,-23.8824648,29.4361126,3,none
10299869805,-23.8798155,29.475794,1,none
10566951661,-23.9112423,29.4647004,1,none
10566967686,-23.9126235,29.4706334,1,none
10593769823,-23.9119761,29.4668636,1,none
10593769826,-23.9118023,29.4675955,3,none
11290497332,-23.8947271,29.4764132,1,none
11290497333,-23.8947844,29.4763271,1,none
11290497335,-23.8949343,29.4764444,3,none
11498791919,-23.8764621,29.4840794,1,none
11508710145,-23.8819235,29.4343284,1,none
11508710149,-23.8833467,29.4341829,3,none
12318720758,-23.9010432,29.4719539,3,none
12318720759,-23.9011256,29.4718203,1,none
12318722979,-23.8981624,29.4614842,3,none
12318722982,-23.8985937,29.4616882,1,none
12318977424,-23.9026006,29.4679338,1,none
12318977429,-23.9031012,29.4673379,3,none
12564244827,-23.8837384,29.4962431,1,none
12564244829,-23.8836519,29.4961537,3,none
12564244830,-23.8839347,29.4960083,1,none
12617917472,-23.9149547,29.4701057,4,none
12617917473,-23.9185015,29.4638837,3,none
12617917474,-23.9162849,29.463338,4,none
12795259642,-23.8916849,29.491507,1,none
12795259643,-23.8917233,29.4914542,3,none
12795259645,-23.8910533,29.4922919,3,none
12796413356,-23.9114993,29.4699119,1,none
12796413360,-23.9116064,29.4693325,3,none
12820416638,-23.8783022,29.4865161,1,none
12820416639,-23.8783893,29.4866247,1,none
12820416641,-23.8785612,29.4864605,3,none
12921588655,-23.9366278,29.445767,3,none
12921588656,-23.9369951,29.4467778,3,none
12921643898,-23.9319583,29.442265,1,none
12921643899,-23.9314737,29.4422192,3,none
12921655708,-23.9301207,29.4421627,3,none
12921655709,-23.9302716,29.4424179,3,none
12921655716,-23.9312474,29.4422302,3,none
12921655720,-23.931723,29.4415274,1,none
12921655721,-23.9315906,29.4416052,3,none
12921655722,-23.9314652,29.4414147,3,none
12921655723,-23.9296133,29.4413115,1,none
12921655725,-23.9301484,29.4416,3,none
12921667703,-23.9321214,29.4422543,3,none
12921667706,-23.9315834,29.4420993,3,none
12921667707,-23.9316257,29.4417688,3,none
12921667710,-23.9306124,29.4425064,1,none
12921670654,-23.930101,29.4426576,3,none
12921670657,-23.929633,29.442544,1,none
12938544293,-23.9249306,29.4495821,1,none
12946805769,-23.924817,29.4407307,3,none
12946808468,-23.9241322,29.4435722,3,none
12946821463,-23.9248521,29.4422315,1,none
12946836422,-23.9233762,29.4410419,3,none
12950697751,-23.9235061,29.4405766,1,none
12950697757,-23.9243258,29.4396461,3,none
12950697763,-23.9245261,29.4390155,1,none
12950697765,-23.9242861,29.4396314,3,none
12951018294,-23.9226345,29.4482705,1,none
12952323441,-23.9250483,29.4514382,1,none
12952323452,-23.9240243,29.4520603,3,none
12952323457,-23.9232916,29.4522573,3,none
12954148866,-23.9223842,29.4514685,3,none
12954148869,-23.9219063,29.4512987,3,none
12960154064,-23.9203347,29.4480666,1,none
12960154069,-23.9214061,29.4480668,3,none
12960154070,-23.9203543,29.4478387,1,none
12960154072,-23.9210918,29.4473496,3,none
12966303155,-23.9175371,29.4483295,1,none
12992260264,-23.8821393,29.4861352,1,none
12992260266,-23.8823919,29.4863552,1,none
12992282642,-23.8853055,29.4933531,1,none
12992282643,-23.8852362,29.4932575,3,none
12992282647,-23.8861418,29.49305,1,none
13073075410,-23.891088,29.4922467,1,none
13119618944,-23.899221,29.4448131,3,none
